ssn,email_medical,email_employment
i131945217,ofgmgcaoqj.hotmail.com,ofgmgcaoqj@hotmail.com
g197247139,gtcnoncbqr.yahoo.com,gtcnoncbqr@yahoo.com
d113054410,ihaijdejck.yahoo.com,ihaijdejck@yahoo.com
c126684873,ang.to'chen.hotmail.com,ang.to'chen@hotmail.com
f166206248,mfsckakihe.mail.com,mfsckakihe@mail.com
a139212004,michael72.aol.com,michael72@aol.com
c165664396,iaiddplaqf.mail.com.au,iaiddplaqf@mail.com.au
a155751240,wesley.meyer.gmail.com,wesley.meyer@gmail.com
d110419946,dubose.william.mail.com.au,dubose.william@mail.com.au
e144761661,timothy.mitchell.mail.com,timothy.mitchell@mail.com
c191768377,pegram.larry.mail.com.au,pegram.larry@mail.com.au
f107814298,jonathan1.mail.com.au,jonathan1@mail.com.au
d147391914,tavie.watkins.aol.com,tavie.watkins@aol.com
b123157471,alejandro33.mail.com.au,alejandro33@mail.com.au
b168515375,coleman.darryl.aol.com,coleman.darryl@aol.com
h104698484,kamie.ford.mail.com,kamie.ford@mail.com
f112808214,njqpslfphm.gmail.com,njqpslfphm@gmail.com
d126731979,daniel60.mail.com,daniel60@mail.com
c107276316,connelly.jessica.gmail.com,connelly.jessica@gmail.com
f127225378,john5.aol.com,john5@aol.com
i109975050,hunt71.gmail.com,hunt71@gmail.com
g107045793,gail.collins.hotmail.com,gail.collins@hotmail.com
d188771214,fred52.aol.com,fred52@aol.com
h189484359,boggs35.mail.com.au,boggs35@mail.com.au
g182928914,smith48.mail.com,smith48@mail.com
e161104631,nmasshlgtm.mail.com.au,nmasshlgtm@mail.com.au
b137304968,kenneth.sommers.aol.com,kenneth.sommers@aol.com
f158047384,qushawnda.rice.gmail.com,qushawnda.rice@gmail.com
e109075830,bobby85.gmail.com,bobby85@gmail.com
h126007950,lombardi.michael.mail.com.au,lombardi.michael@mail.com.au
i133664804,rosinski34.hotmail.com,rosinski34@hotmail.com
f115090529,michael53.mail.com,michael53@mail.com
g168648383,ball34.gmail.com,ball34@gmail.com
b144681417,marie80.yahoo.com,marie80@yahoo.com
e191090774,travers29.gmail.com,travers29@gmail.com
b139595421,fischer25.yahoo.com,fischer25@yahoo.com
h114566204,jenkins.william.aol.com,jenkins.william@aol.com
e128715953,amtjqckifr.mail.com,amtjqckifr@mail.com
g184554222,paylor.kerry.hotmail.com,paylor.kerry@hotmail.com
f161310152,kimrey.purcell.hotmail.com,kimrey.purcell@hotmail.com
c150046701,murray51.mail.com.au,murray51@mail.com.au
i182545267,gunter.anna.hotmail.com,gunter.anna@hotmail.com
d114431596,aguilar14.aol.com,aguilar14@aol.com
i167916792,murphy46.mail.com.au,murphy46@mail.com.au
g131828779,vaughn.chisholm.mail.com,vaughn.chisholm@mail.com
g131828779,vaughn.chisholm.mail.com,vaughn.chisholm@mail.com
b100617455,saunders.rachel.hotmail.com,saunders.rachel@hotmail.com
f122737047,qcqmeototf.aol.com,qcqmeototf@aol.com
f122737047,qcqmeototf.aol.com,qcqmeototf@aol.com
h178365180,bruce.sutherland.mail.com,bruce.sutherland@mail.com
c184442018,harold.bewan.mail.com.au,harold.bewan@mail.com.au
e125688661,terry.crawford.hotmail.com,terry.crawford@hotmail.com
h105101737,blondell99.mail.com.au,blondell99@mail.com.au
g195818913,rizzuti56.aol.com,rizzuti56@aol.com
d181052399,eric.little.mail.com.au,eric.little@mail.com.au
d133023856,evans.quantavia.gmail.com,evans.quantavia@gmail.com
h164680818,bannon.john.aol.com,bannon.john@aol.com
f110751447,johnson.sarah.gmail.com,johnson.sarah@gmail.com
h177356606,ariana.comfort.yahoo.com,ariana.comfort@yahoo.com
b168481308,curtis.thomas.aol.com,curtis.thomas@aol.com
g186967621,samuel26.mail.com.au,samuel26@mail.com.au
d116077941,nipa13.hotmail.com,nipa13@hotmail.com
g197598518,kapp22.mail.com,kapp22@mail.com
a187323333,caminiti24.gmail.com,caminiti24@gmail.com
c192970318,najm65.aol.com,najm65@aol.com
f149508239,coffey.donald.mail.com,coffey.donald@mail.com
f118546375,reed95.gmail.com,reed95@gmail.com
g169801945,phillips.jeffrey.mail.com.au,phillips.jeffrey@mail.com.au
i117236056,john13.mail.com.au,john13@mail.com.au
i153282262,lhpepsnlpr.gmail.com,lhpepsnlpr@gmail.com
b115426405,laura83.hotmail.com,laura83@hotmail.com
b122158940,ppdgbsimtj.mail.com,ppdgbsimtj@mail.com
i166313592,lksmctssjf.mail.com.au,lksmctssjf@mail.com.au
i132765238,fatma64.yahoo.com,fatma64@yahoo.com
f183054180,robert55.gmail.com,robert55@gmail.com
c152300424,janice.roberts.mail.com.au,janice.roberts@mail.com.au
f182827159,marks12.aol.com,marks12@aol.com
g131510911,smith10.aol.com,smith10@aol.com
f110242761,andrew95.hotmail.com,andrew95@hotmail.com
i141468926,mcglamry.bella.mail.com.au,mcglamry.bella@mail.com.au
c172764359,antonio.chilton.hotmail.com,antonio.chilton@hotmail.com
a149658600,gay.jeremy.mail.com,gay.jeremy@mail.com
h108081001,lickfold.caleb.mail.com,lickfold.caleb@mail.com
h122750848,gentry.jeffrey.mail.com.au,gentry.jeffrey@mail.com.au
g176203702,brinkley5.yahoo.com,brinkley5@yahoo.com
i112627135,daryl48.yahoo.com,daryl48@yahoo.com
a105757593,rogerson.patsy.aol.com,rogerson.patsy@aol.com
b101785063,cook45.aol.com,cook45@aol.com
g113193762,ojjpjqpfqa.mail.com.au,ojjpjqpfqa@mail.com.au
g184453914,tsoidrmsfk.mail.com,tsoidrmsfk@mail.com
h193579689,eugene.chestnut.aol.com,eugene.chestnut@aol.com
h193579689,eugene.chestnut.aol.com,eugene.chestnut@aol.com
f199962563,pagppeaqae.gmail.com,pagppeaqae@gmail.com
e182959977,whitaker31.mail.com,whitaker31@mail.com
i184184985,mcmanus63.mail.com,mcmanus63@mail.com
h167707934,tart94.mail.com.au,tart94@mail.com.au
c131464693,judith.sweeney.yahoo.com,judith.sweeney@yahoo.com
d106976174,seth84.hotmail.com,seth84@hotmail.com
h102671738,crowder.agnes.gmail.com,crowder.agnes@gmail.com
i174936644,leola9.aol.com,leola9@aol.com
d177714065,andrea.nuckols.hotmail.com,andrea.nuckols@hotmail.com
a126233141,davis.joseph.gmail.com,davis.joseph@gmail.com
e101520818,molatkngqi.mail.com.au,molatkngqi@mail.com.au
i145787234,jeffrey.raynor.yahoo.com,jeffrey.raynor@yahoo.com
f152358844,saqsfncmql.yahoo.com,saqsfncmql@yahoo.com
g105959376,efqtopljkc.aol.com,efqtopljkc@aol.com
h124095362,harding.thomas.mail.com,harding.thomas@mail.com
h152502024,jeanne50.mail.com,jeanne50@mail.com
d158203403,fagpfhener.yahoo.com,fagpfhener@yahoo.com
a165613492,steven13.yahoo.com,steven13@yahoo.com
d116355211,dektjbkgci.yahoo.com,dektjbkgci@yahoo.com
f152581007,martin.robert.yahoo.com,martin.robert@yahoo.com
g141799576,michael.baldwin.yahoo.com,michael.baldwin@yahoo.com
h177948191,iplameophc.hotmail.com,iplameophc@hotmail.com
a124315962,gottfried.erica.gmail.com,gottfried.erica@gmail.com
c103966478,dqhtgicosn.gmail.com,dqhtgicosn@gmail.com
c103966478,dqhtgicosn.gmail.com,dqhtgicosn@gmail.com
g106174204,lolene27.mail.com.au,lolene27@mail.com.au
i155221166,wolfe.john.mail.com.au,wolfe.john@mail.com.au
c170193849,amery.heather.gmail.com,amery.heather@gmail.com
b146129527,tjppmbheqj.mail.com.au,tjppmbheqj@mail.com.au
g157084777,griffin.gregory.mail.com,griffin.gregory@mail.com
c162813070,emiloqncmh.mail.com.au,emiloqncmh@mail.com.au
g128966432,chris.blanchard.mail.com.au,chris.blanchard@mail.com.au
b167876734,kay.norman.yahoo.com,kay.norman@yahoo.com
g127637527,compton92.aol.com,compton92@aol.com
f119224122,lyons.john.gmail.com,lyons.john@gmail.com
a121988506,terry65.gmail.com,terry65@gmail.com
c127225227,eetepkspem.yahoo.com,eetepkspem@yahoo.com
c127225227,eetepkspem.yahoo.com,eetepkspem@yahoo.com
f110980562,sally26.mail.com.au,sally26@mail.com.au
d116158657,skqshinsbg.mail.com.au,skqshinsbg@mail.com.au
g116253824,gunderson.philip.yahoo.com,gunderson.philip@yahoo.com
e110895579,hirrnnrjba.aol.com,hirrnnrjba@aol.com
e110895579,hirrnnrjba.aol.com,hirrnnrjba@aol.com
a114620417,gerald45.mail.com,gerald45@mail.com
c176489499,john.cottrill.mail.com,john.cottrill@mail.com
h168701468,mark.wright.aol.com,mark.wright@aol.com
b141430693,anastacio.loscalzo.mail.com.au,anastacio.loscalzo@mail.com.au
d111778423,hopewell.jeffrey.aol.com,hopewell.jeffrey@aol.com
f104714543,dickerman.devin.gmail.com,dickerman.devin@gmail.com
e166143389,knsdtriknb.mail.com,knsdtriknb@mail.com
e166134860,kirk.anthony.gmail.com,kirk.anthony@gmail.com
d138779571,singthong61.mail.com,singthong61@mail.com
d126956349,brian.graves.hotmail.com,brian.graves@hotmail.com
c131552884,hamlin.howard.aol.com,hamlin.howard@aol.com
g127618204,tammie.macias.aol.com,tammie.macias@aol.com
i142073771,carroll28.mail.com,carroll28@mail.com
e103443274,jqrtnjeisa.mail.com,jqrtnjeisa@mail.com
i160577067,bennett.jessica.yahoo.com,bennett.jessica@yahoo.com
f163272521,elizabeth90.yahoo.com,elizabeth90@yahoo.com
e126984022,reeder20.gmail.com,reeder20@gmail.com
e104587617,emin99.gmail.com,emin99@gmail.com
h185143417,morrison.warren.mail.com,morrison.warren@mail.com
f197591874,ranson40.aol.com,ranson40@aol.com
i130896432,sbibcpphda.gmail.com,sbibcpphda@gmail.com
i139484066,blankenship11.mail.com.au,blankenship11@mail.com.au
c184726743,broome39.yahoo.com,broome39@yahoo.com
f121072387,ramos.clarma.mail.com,ramos.clarma@mail.com
f168313174,moses.ryan.hotmail.com,moses.ryan@hotmail.com
a161310139,katherine20.mail.com,katherine20@mail.com
a102011965,ssifjfbjjs.yahoo.com,ssifjfbjjs@yahoo.com
a102011965,ssifjfbjjs.yahoo.com,ssifjfbjjs@yahoo.com
g138520255,masters.terry.yahoo.com,masters.terry@yahoo.com
a154033705,hqkbmbnsch.gmail.com,hqkbmbnsch@gmail.com
g148472782,brian.briscoe.hotmail.com,brian.briscoe@hotmail.com
d132008530,adamson.jennifer.aol.com,adamson.jennifer@aol.com
h160842498,gerald10.yahoo.com,gerald10@yahoo.com
b172190783,hunter35.mail.com.au,hunter35@mail.com.au
c198724467,orlpededmc.hotmail.com,orlpededmc@hotmail.com
c177462453,lameta21.mail.com,lameta21@mail.com
f145880471,joseph5.hotmail.com,joseph5@hotmail.com
a154546157,robert.manders.hotmail.com,robert.manders@hotmail.com
f107859591,mills.kenneth.yahoo.com,mills.kenneth@yahoo.com
f116974947,charles56.mail.com.au,charles56@mail.com.au
h165324978,langdon51.mail.com,langdon51@mail.com
b109494013,michael.surike.mail.com.au,michael.surike@mail.com.au
i194977100,marshall.william.mail.com.au,marshall.william@mail.com.au
e125378981,mcmahon.nicholas.mail.com,mcmahon.nicholas@mail.com
d153874502,dcoafgrqcr.aol.com,dcoafgrqcr@aol.com
h187139656,david81.yahoo.com,david81@yahoo.com
a111672541,rebecca.ennamorato.hotmail.com,rebecca.ennamorato@hotmail.com
a103896724,christopher20.hotmail.com,christopher20@hotmail.com
i161777710,bordner.nicholas.mail.com.au,bordner.nicholas@mail.com.au
g134963101,john28.mail.com.au,john28@mail.com.au
e129510611,timothy.riggan.aol.com,timothy.riggan@aol.com
h125385646,jeabocdktf.gmail.com,jeabocdktf@gmail.com
b186456145,ketterman70.gmail.com,ketterman70@gmail.com
g189603601,lucille.beaubien.mail.com.au,lucille.beaubien@mail.com.au
f112791042,walker.crystal.yahoo.com,walker.crystal@yahoo.com
e118778831,snsioflfpr.hotmail.com,snsioflfpr@hotmail.com
i101147229,thomas93.mail.com,thomas93@mail.com
d144984570,steve69.gmail.com,steve69@gmail.com
c133533605,baskin94.hotmail.com,baskin94@hotmail.com
c172652265,violet22.yahoo.com,violet22@yahoo.com
d125020634,shelby.whitehorne.gmail.com,shelby.whitehorne@gmail.com
c111254861,ceecmaoert.mail.com.au,ceecmaoert@mail.com.au
i117572317,gjithrltlt.mail.com,gjithrltlt@mail.com
h145968120,robert.shifflett.mail.com,robert.shifflett@mail.com
h115789894,billious.lisa.aol.com,billious.lisa@aol.com
a145468478,rhonda.carroll.aol.com,rhonda.carroll@aol.com
d100258552,tiakmhbpeb.mail.com,tiakmhbpeb@mail.com
d100258552,tiakmhbpeb.mail.com,tiakmhbpeb@mail.com
f133056696,todd81.aol.com,todd81@aol.com
b166031557,sharon.banks.gmail.com,sharon.banks@gmail.com
d176287859,abernathy69.gmail.com,abernathy69@gmail.com
a167932228,william.johnson.mail.com.au,william.johnson@mail.com.au
c113305761,earl.hannah.yahoo.com,earl.hannah@yahoo.com
h159325957,carpenter10.hotmail.com,carpenter10@hotmail.com
a116877442,charles30.aol.com,charles30@aol.com
a116877442,charles30.aol.com,charles30@aol.com
i172663323,fqptomrtna.mail.com,fqptomrtna@mail.com
a105958226,boyce45.mail.com.au,boyce45@mail.com.au
c119544241,james.woo-jung.aol.com,james.woo-jung@aol.com
f197784203,glenda.white.gmail.com,glenda.white@gmail.com
g188372472,brian.warlick.aol.com,brian.warlick@aol.com
g177666397,iceihtagrb.yahoo.com,iceihtagrb@yahoo.com
g147534725,davis52.aol.com,davis52@aol.com
i146984659,wilson65.hotmail.com,wilson65@hotmail.com
i148318781,jones31.aol.com,jones31@aol.com
a199422437,dixon12.mail.com,dixon12@mail.com
c181040790,rcjtttsgnq.mail.com,rcjtttsgnq@mail.com
e174280209,mark.ferriola-bruchenstei.gmail.com,mark.ferriola-bruchenstei@gmail.com
b166684007,johnson99.gmail.com,johnson99@gmail.com
d158008896,hendryx79.hotmail.com,hendryx79@hotmail.com
g145494266,cerra33.mail.com.au,cerra33@mail.com.au
c173617330,johnston.eric.gmail.com,johnston.eric@gmail.com
h117367978,adcptidomi.hotmail.com,adcptidomi@hotmail.com
g139521615,medlin.shawn.yahoo.com,medlin.shawn@yahoo.com
g199348578,benton.matthew.hotmail.com,benton.matthew@hotmail.com
g196940818,vaughan.mary.aol.com,vaughan.mary@aol.com
h156332574,ashley.huss.yahoo.com,ashley.huss@yahoo.com
f106920542,gregory.ziglar.hotmail.com,gregory.ziglar@hotmail.com
h157462659,derrick90.mail.com,derrick90@mail.com
e109110738,patricia1.gmail.com,patricia1@gmail.com
e186972680,katz.edgar.aol.com,katz.edgar@aol.com
h110235917,wilkins64.aol.com,wilkins64@aol.com
c190954844,timothy86.aol.com,timothy86@aol.com
d150278771,harrell16.gmail.com,harrell16@gmail.com
d150278771,harrell16.gmail.com,harrell16@gmail.com
g194385582,maness.mary.aol.com,maness.mary@aol.com
g194385582,maness.mary.aol.com,maness.mary@aol.com
c151661079,lopez34.hotmail.com,lopez34@hotmail.com
a151697586,qqgbdjmehk.mail.com.au,qqgbdjmehk@mail.com.au
f170199102,barnes19.hotmail.com,barnes19@hotmail.com
c170339122,justin.perry.yahoo.com,justin.perry@yahoo.com
a168001640,vrobel97.hotmail.com,vrobel97@hotmail.com
f194075025,libkmaoork.aol.com,libkmaoork@aol.com
e182870704,eddingfield84.yahoo.com,eddingfield84@yahoo.com
e181699484,carol.starnes.mail.com,carol.starnes@mail.com
d198569111,gscilkfqqt.mail.com.au,gscilkfqqt@mail.com.au
e160389040,cjdrhghaja.hotmail.com,cjdrhghaja@hotmail.com
d196060822,kendall36.gmail.com,kendall36@gmail.com
i123826189,goodell.andrew.aol.com,goodell.andrew@aol.com
c145593989,britt.bonnie.gmail.com,britt.bonnie@gmail.com
c144743273,sanders99.mail.com.au,sanders99@mail.com.au
c191791590,edward.sumrell.mail.com.au,edward.sumrell@mail.com.au
e125829774,susan8.gmail.com,susan8@gmail.com
h134393791,ivey.nathan.yahoo.com,ivey.nathan@yahoo.com
a140344151,royal26.aol.com,royal26@aol.com
e170873567,hawkins4.yahoo.com,hawkins4@yahoo.com
f148769107,mercer71.gmail.com,mercer71@gmail.com
c170999806,gjplrldpld.yahoo.com,gjplrldpld@yahoo.com
c170999806,gjplrldpld.yahoo.com,gjplrldpld@yahoo.com
h182558481,goudiss58.gmail.com,goudiss58@gmail.com
a129898461,roberson.bryan.mail.com.au,roberson.bryan@mail.com.au
i199444544,nancy79.gmail.com,nancy79@gmail.com
e126553258,kearney.rayford.gmail.com,kearney.rayford@gmail.com
f118225987,hemingway2.mail.com,hemingway2@mail.com
g151213303,boysen.kimberly.yahoo.com,boysen.kimberly@yahoo.com
g151213303,boysen.kimberly.yahoo.com,boysen.kimberly@yahoo.com
e176588418,farmer72.yahoo.com,farmer72@yahoo.com
i122512095,dqqsqhhtit.aol.com,dqqsqhhtit@aol.com
i122512095,dqqsqhhtit.aol.com,dqqsqhhtit@aol.com
i161667443,blakley61.mail.com.au,blakley61@mail.com.au
e184301787,kevin.may.yahoo.com,kevin.may@yahoo.com
e161017775,kjmmctmhdk.hotmail.com,kjmmctmhdk@hotmail.com
a116041979,bruce.corl.yahoo.com,bruce.corl@yahoo.com
i103340928,rakeshia100.aol.com,rakeshia100@aol.com
c155494476,easresfcjt.mail.com.au,easresfcjt@mail.com.au
d101819059,haskett51.gmail.com,haskett51@gmail.com
g101479848,robin78.yahoo.com,robin78@yahoo.com
e186948949,driskell.kc.yahoo.com,driskell.kc@yahoo.com
h131028395,hoofnagle10.gmail.com,hoofnagle10@gmail.com
b101817820,rominger.colleen.mail.com.au,rominger.colleen@mail.com.au
c141134072,donald24.hotmail.com,donald24@hotmail.com
b110342174,douangdara41.aol.com,douangdara41@aol.com
f167780345,catoe69.hotmail.com,catoe69@hotmail.com
e102237279,hsgkinrtsl.gmail.com,hsgkinrtsl@gmail.com
b110431226,yumicka52.yahoo.com,yumicka52@yahoo.com
g141728863,laurie.butler.mail.com,laurie.butler@mail.com
g132562596,harward.joe.aol.com,harward.joe@aol.com
c194052463,tina24.gmail.com,tina24@gmail.com
i100968491,johnson.hannalise.mail.com.au,johnson.hannalise@mail.com.au
h187519318,haynes97.hotmail.com,haynes97@hotmail.com
b193039390,angela97.mail.com,angela97@mail.com
i160346113,aarndlnmnr.hotmail.com,aarndlnmnr@hotmail.com
d160894711,david.bostic.gmail.com,david.bostic@gmail.com
d126198594,esnfoedsiq.gmail.com,esnfoedsiq@gmail.com
h128190482,harris88.mail.com,harris88@mail.com
a192802559,brittany.fowler.mail.com,brittany.fowler@mail.com
g193147592,angela.caya.aol.com,angela.caya@aol.com
g136905604,trantham.danny.hotmail.com,trantham.danny@hotmail.com
g136905604,trantham.danny.hotmail.com,trantham.danny@hotmail.com
f191254164,nickerson93.yahoo.com,nickerson93@yahoo.com
a198407847,foreman.linda.mail.com,foreman.linda@mail.com
h147976651,edward.lawson.gmail.com,edward.lawson@gmail.com
a128897768,stephany.patil.gmail.com,stephany.patil@gmail.com
h161616560,charles.vick.aol.com,charles.vick@aol.com
d104925063,flynn.jacob.aol.com,flynn.jacob@aol.com
c119260164,robert.lowery.gmail.com,robert.lowery@gmail.com
c109825717,conaway.gary.yahoo.com,conaway.gary@yahoo.com
c157381474,walsh.esmeralda.mail.com.au,walsh.esmeralda@mail.com.au
b115291576,levinsky82.hotmail.com,levinsky82@hotmail.com
i191374538,morrison33.mail.com,morrison33@mail.com
g188815741,jomsfpqbrq.hotmail.com,jomsfpqbrq@hotmail.com
h175931482,vernon64.aol.com,vernon64@aol.com
f190225218,john.freeman.mail.com.au,john.freeman@mail.com.au
h195174789,makaila.williams.yahoo.com,makaila.williams@yahoo.com
g142477826,lauren.knox.gmail.com,lauren.knox@gmail.com
a106660104,bailey93.aol.com,bailey93@aol.com
d170348720,laverne.dozier.mail.com,laverne.dozier@mail.com
g158520714,michael13.aol.com,michael13@aol.com
c164295556,bmfhihgkfh.aol.com,bmfhihgkfh@aol.com
b118954204,patrick.harmon.hotmail.com,patrick.harmon@hotmail.com
b187471395,wright.norman.hotmail.com,wright.norman@hotmail.com
d198885901,betty54.aol.com,betty54@aol.com
c118819739,kelley.jean.hotmail.com,kelley.jean@hotmail.com
h173046186,riagnknqfb.yahoo.com,riagnknqfb@yahoo.com
i114416954,lowman.michael.mail.com.au,lowman.michael@mail.com.au
g113055518,warren.melton.mail.com,warren.melton@mail.com
d143252334,erin.oneil.aol.com,erin.oneil@aol.com
a191576806,gray23.gmail.com,gray23@gmail.com
c187117622,jason57.mail.com.au,jason57@mail.com.au
i195693933,khjorgtpjh.yahoo.com,khjorgtpjh@yahoo.com
a160024798,jack86.mail.com.au,jack86@mail.com.au
e106404349,joan.tanner.aol.com,joan.tanner@aol.com
e150270100,nicholas.jacobson.hotmail.com,nicholas.jacobson@hotmail.com
h190595062,utley21.mail.com.au,utley21@mail.com.au
g187499428,julia90.mail.com,julia90@mail.com
g127386052,elizabeth33.aol.com,elizabeth33@aol.com
f171658329,catherine.hart.mail.com.au,catherine.hart@mail.com.au
b175989054,garner.patrick.gmail.com,garner.patrick@gmail.com
f106531661,hjoqsldafj.gmail.com,hjoqsldafj@gmail.com
g178736392,king34.gmail.com,king34@gmail.com
f129402143,htgcqgmbjq.mail.com,htgcqgmbjq@mail.com
d127682849,richburg83.hotmail.com,richburg83@hotmail.com
e173938393,jerald.boyd.mail.com,jerald.boyd@mail.com
b134269052,darren.collette.aol.com,darren.collette@aol.com
h197175970,ford.justin.hotmail.com,ford.justin@hotmail.com
e147431177,fairfield92.mail.com,fairfield92@mail.com
c154809706,tiiegjsnim.yahoo.com,tiiegjsnim@yahoo.com
d194320742,dale22.aol.com,dale22@aol.com
b138047875,scrahjlbbh.hotmail.com,scrahjlbbh@hotmail.com
b126224168,dahl.tonya.mail.com.au,dahl.tonya@mail.com.au
b133501515,cteprjqolb.hotmail.com,cteprjqolb@hotmail.com
g147701587,peele89.gmail.com,peele89@gmail.com
h143727339,hines.arlene.aol.com,hines.arlene@aol.com
c194693138,ikksjmmmfm.aol.com,ikksjmmmfm@aol.com
g142514318,cosme.kenneth.mail.com,cosme.kenneth@mail.com
e154540111,hackler.erin.gmail.com,hackler.erin@gmail.com
d144704474,james86.mail.com.au,james86@mail.com.au
h116783226,victor70.yahoo.com,victor70@yahoo.com
i153656039,theresa.bernd.aol.com,theresa.bernd@aol.com
a144631268,sgkmiipmnb.hotmail.com,sgkmiipmnb@hotmail.com
b155507726,derrick.stout.gmail.com,derrick.stout@gmail.com
c164747785,mott.matthew.aol.com,mott.matthew@aol.com
h128528395,hensley.thomas.mail.com.au,hensley.thomas@mail.com.au
i153411826,plktlkoiqq.gmail.com,plktlkoiqq@gmail.com
i128165729,tyler.crisp.mail.com,tyler.crisp@mail.com
d184038231,phillip.mauney.gmail.com,phillip.mauney@gmail.com
h142422596,hamilton.alan.yahoo.com,hamilton.alan@yahoo.com
d131917020,cox63.mail.com.au,cox63@mail.com.au
h115441812,demarco.griggs.hotmail.com,demarco.griggs@hotmail.com
e107385580,mark64.yahoo.com,mark64@yahoo.com
a198753542,robert27.mail.com.au,robert27@mail.com.au
a123961235,joseph.vines.yahoo.com,joseph.vines@yahoo.com
h146756990,sherrill.vicki.mail.com.au,sherrill.vicki@mail.com.au
h119824688,wilma.lamb.mail.com.au,wilma.lamb@mail.com.au
f154327384,hogan80.mail.com.au,hogan80@mail.com.au
f179953774,sirscijjmk.hotmail.com,sirscijjmk@hotmail.com
f129892518,palmer.andrew.aol.com,palmer.andrew@aol.com
e133339290,ngimpiclss.hotmail.com,ngimpiclss@hotmail.com
d174125547,james.burwell.yahoo.com,james.burwell@yahoo.com
e149279969,wiles.angel.yahoo.com,wiles.angel@yahoo.com
d182049536,bioiekeipm.mail.com,bioiekeipm@mail.com
h194047177,calenpine70.aol.com,calenpine70@aol.com
i101602272,robert100.gmail.com,robert100@gmail.com
a194489654,smith.dianna.aol.com,smith.dianna@aol.com
c138254064,laquanzy100.yahoo.com,laquanzy100@yahoo.com
e166533349,howell.arthur.gmail.com,howell.arthur@gmail.com
h128814977,anirphsgfr.hotmail.com,anirphsgfr@hotmail.com
d196837318,caihkgjfmr.yahoo.com,caihkgjfmr@yahoo.com
e100131962,williams.kenneth.gmail.com,williams.kenneth@gmail.com
d191756029,youssef.robert.hotmail.com,youssef.robert@hotmail.com
e141742651,bradley79.gmail.com,bradley79@gmail.com
h155452709,michael.hamilton.aol.com,michael.hamilton@aol.com
d173243250,amanda.lucas.mail.com.au,amanda.lucas@mail.com.au
h134225290,goolsby.antonio.yahoo.com,goolsby.antonio@yahoo.com
b116209619,shelton13.yahoo.com,shelton13@yahoo.com
f138278837,joey79.mail.com,joey79@mail.com
e171538976,jonathan45.gmail.com,jonathan45@gmail.com
d128342249,james10.gmail.com,james10@gmail.com
f136447211,rixham45.mail.com.au,rixham45@mail.com.au
d107527279,withrow69.hotmail.com,withrow69@hotmail.com
i148756846,jared.smith.mail.com.au,jared.smith@mail.com.au
i162321164,whitehurst.perry.mail.com,whitehurst.perry@mail.com
b195018453,elliott.howard.gmail.com,elliott.howard@gmail.com
a187130205,koch69.mail.com,koch69@mail.com
h178678581,unfried16.mail.com.au,unfried16@mail.com.au
c121553067,honan2.aol.com,honan2@aol.com
c159250448,cssbbkpjsb.yahoo.com,cssbbkpjsb@yahoo.com
a113598041,grubert53.hotmail.com,grubert53@hotmail.com
i190700495,lachelle40.aol.com,lachelle40@aol.com
i118251452,byers.lori.yahoo.com,byers.lori@yahoo.com
h100787277,brewer.mary.yahoo.com,brewer.mary@yahoo.com
f174953433,john71.mail.com.au,john71@mail.com.au
g146761572,jones92.hotmail.com,jones92@hotmail.com
g131750991,bode89.mail.com,bode89@mail.com
a115291163,hjpsjcgbdd.gmail.com,hjpsjcgbdd@gmail.com
h102826377,lionel.giggey.mail.com.au,lionel.giggey@mail.com.au
i157857574,jeffrey.casteel.hotmail.com,jeffrey.casteel@hotmail.com
h182731504,kerry.tucker.yahoo.com,kerry.tucker@yahoo.com
a121981769,martin9.hotmail.com,martin9@hotmail.com
f179268446,bratu74.aol.com,bratu74@aol.com
i121402508,bencacjdoj.yahoo.com,bencacjdoj@yahoo.com
i121402508,bencacjdoj.yahoo.com,bencacjdoj@yahoo.com
d142666835,rpnqadjako.yahoo.com,rpnqadjako@yahoo.com
b112663905,myers.daniel.gmail.com,myers.daniel@gmail.com
c179869586,kuster.chadwick.hotmail.com,kuster.chadwick@hotmail.com
h151202597,walter.martin.yahoo.com,walter.martin@yahoo.com
h151202597,walter.martin.yahoo.com,walter.martin@yahoo.com
g102600331,george.mountford.aol.com,george.mountford@aol.com
b113140869,rbglcdhgon.mail.com.au,rbglcdhgon@mail.com.au
c134298220,susie.northrup.mail.com.au,susie.northrup@mail.com.au
e104080156,stephanie.simon.mail.com.au,stephanie.simon@mail.com.au
d171684534,lott.michael.mail.com.au,lott.michael@mail.com.au
f120582602,carol62.hotmail.com,carol62@hotmail.com
b167525533,april61.mail.com,april61@mail.com
e191620724,beneventi13.mail.com.au,beneventi13@mail.com.au
h133625545,feedmbldam.mail.com,feedmbldam@mail.com
g143112697,reginald.alcocer.aol.com,reginald.alcocer@aol.com
g165442368,mollie.davis.gmail.com,mollie.davis@gmail.com
g126257957,journigan18.gmail.com,journigan18@gmail.com
b112040162,larry34.mail.com,larry34@mail.com
b156652986,cain.adam.mail.com,cain.adam@mail.com
g186793189,charles46.hotmail.com,charles46@hotmail.com
e155891415,pamela.gardner.mail.com.au,pamela.gardner@mail.com.au
g148857724,rich.vera.aol.com,rich.vera@aol.com
h138715134,brian.cooper.mail.com.au,brian.cooper@mail.com.au
a176844476,branton.earl.gmail.com,branton.earl@gmail.com
c165961934,ofliirbbeb.hotmail.com,ofliirbbeb@hotmail.com
a133127874,hall30.hotmail.com,hall30@hotmail.com
f137008387,elizabeth94.mail.com,elizabeth94@mail.com
e169069801,guerrero75.mail.com,guerrero75@mail.com
i101891472,haskins.christopher.hotmail.com,haskins.christopher@hotmail.com
h175685302,rogers2.aol.com,rogers2@aol.com
i173741129,james19.hotmail.com,james19@hotmail.com
c112666273,mcbhrgjrlm.hotmail.com,mcbhrgjrlm@hotmail.com
i124427691,bourke.jessica.gmail.com,bourke.jessica@gmail.com
d196737071,oiadtigeml.mail.com,oiadtigeml@mail.com
i145273149,odis25.mail.com.au,odis25@mail.com.au
i185412509,eldred.michael.gmail.com,eldred.michael@gmail.com
h199200993,john.cobb.gmail.com,john.cobb@gmail.com
a181836778,waugh.max.gmail.com,waugh.max@gmail.com
f142208471,kevin.buck.yahoo.com,kevin.buck@yahoo.com
g148054530,richardson4.mail.com.au,richardson4@mail.com.au
d167298408,freeman.priscilla.gmail.com,freeman.priscilla@gmail.com
d121389615,ivan57.gmail.com,ivan57@gmail.com
e158818442,honeycutt24.hotmail.com,honeycutt24@hotmail.com
i199018450,keryl45.yahoo.com,keryl45@yahoo.com
f194267916,diane50.mail.com,diane50@mail.com
d116331282,roger.haner.hotmail.com,roger.haner@hotmail.com
e102398258,rihijrlnhl.gmail.com,rihijrlnhl@gmail.com
e108554006,jerome.brown.aol.com,jerome.brown@aol.com
a185079650,karla75.mail.com,karla75@mail.com
i157272389,bryant.joan.hotmail.com,bryant.joan@hotmail.com
i164002710,thomas3.hotmail.com,thomas3@hotmail.com
g133363318,cuthrell.mildred.gmail.com,cuthrell.mildred@gmail.com
a114911506,shuford.michael.aol.com,shuford.michael@aol.com
g199517466,andrew97.gmail.com,andrew97@gmail.com
i193463828,soler.alexandra.mail.com.au,soler.alexandra@mail.com.au
c135537692,brown78.gmail.com,brown78@gmail.com
h165815178,hypes5.aol.com,hypes5@aol.com
e188715666,bass92.gmail.com,bass92@gmail.com
a184437612,floyd98.hotmail.com,floyd98@hotmail.com
g193006202,ijrjhkqaad.aol.com,ijrjhkqaad@aol.com
a156841149,hunt97.mail.com,hunt97@mail.com
h166851954,gourley17.gmail.com,gourley17@gmail.com
h157652181,winfree.charles.gmail.com,winfree.charles@gmail.com
d180096620,htaphrnjio.hotmail.com,htaphrnjio@hotmail.com
f141940198,deal99.mail.com.au,deal99@mail.com.au
e180779346,ola.rumball.yahoo.com,ola.rumball@yahoo.com
b128519082,marc.cross.mail.com.au,marc.cross@mail.com.au
c175802106,jesse.delgobbo.yahoo.com,jesse.delgobbo@yahoo.com
e157937901,jean30.gmail.com,jean30@gmail.com
a136771934,tnhsapnjcr.gmail.com,tnhsapnjcr@gmail.com
g178416003,arnold.ohm.mail.com.au,arnold.ohm@mail.com.au
i135029916,john.horner.mail.com,john.horner@mail.com
b138187201,stockton.margret.hotmail.com,stockton.margret@hotmail.com
d106474299,gocgjiqfns.mail.com,gocgjiqfns@mail.com
e190990637,lanny.ricra.mail.com.au,lanny.ricra@mail.com.au
f127383756,douglas60.gmail.com,douglas60@gmail.com
a149850290,snelling44.yahoo.com,snelling44@yahoo.com
f105888033,ethel45.mail.com,ethel45@mail.com
a159939864,calvin.hall.gmail.com,calvin.hall@gmail.com
b180926128,lloyd.brentton.mail.com.au,lloyd.brentton@mail.com.au
b138903313,robert56.hotmail.com,robert56@hotmail.com
a138935643,mcwhorter.heather.gmail.com,mcwhorter.heather@gmail.com
h119052888,frankie37.aol.com,frankie37@aol.com
g182641705,trollinger10.mail.com,trollinger10@mail.com
i108452859,robinson87.aol.com,robinson87@aol.com
a156107853,willie.suggs.hotmail.com,willie.suggs@hotmail.com
d153839006,miller27.mail.com,miller27@mail.com
c192034148,jackson69.gmail.com,jackson69@gmail.com
b158211039,michelle.rodriguez.yahoo.com,michelle.rodriguez@yahoo.com
d192283857,jonathan57.yahoo.com,jonathan57@yahoo.com
i175189282,chenlo21.hotmail.com,chenlo21@hotmail.com
b184302325,mclaughin85.yahoo.com,mclaughin85@yahoo.com
b184163662,william66.mail.com,william66@mail.com
f164721687,haun57.aol.com,haun57@aol.com
g154392588,chrqcotgcl.mail.com,chrqcotgcl@mail.com
b143817632,diane95.mail.com.au,diane95@mail.com.au
c189872805,ravi73.mail.com,ravi73@mail.com
i117413412,wilford46.mail.com.au,wilford46@mail.com.au
g149968651,lgsnnhllsg.yahoo.com,lgsnnhllsg@yahoo.com
g101497767,ramseur.mitchell.yahoo.com,ramseur.mitchell@yahoo.com
b186409345,cooper.linda.mail.com.au,cooper.linda@mail.com.au
c178974594,carpenter76.mail.com,carpenter76@mail.com
h195409582,dylan.formyduval.gmail.com,dylan.formyduval@gmail.com
c182173239,johhny.borst.gmail.com,johhny.borst@gmail.com
d135519674,rafael23.aol.com,rafael23@aol.com
a147072514,sammy.weil.yahoo.com,sammy.weil@yahoo.com
a176641455,darryl70.aol.com,darryl70@aol.com
g188236134,randall.frederick.gmail.com,randall.frederick@gmail.com
f150188212,perry58.yahoo.com,perry58@yahoo.com
b110845350,barbee.bryan.yahoo.com,barbee.bryan@yahoo.com
g195084498,warner37.gmail.com,warner37@gmail.com
c154885945,tdlinrbtce.yahoo.com,tdlinrbtce@yahoo.com
d156478813,hinson.vera.mail.com,hinson.vera@mail.com
g146026066,jamal.eure.yahoo.com,jamal.eure@yahoo.com
g146026066,jamal.eure.yahoo.com,jamal.eure@yahoo.com
c107716720,william.yu.hotmail.com,william.yu@hotmail.com
f104142261,margaret.spell.mail.com,margaret.spell@mail.com
g175024749,miller84.yahoo.com,miller84@yahoo.com
a176910388,marion57.mail.com.au,marion57@mail.com.au
e111179101,wright51.aol.com,wright51@aol.com
h134844605,talley.betty.mail.com.au,talley.betty@mail.com.au
e191985576,gcnsaebpae.yahoo.com,gcnsaebpae@yahoo.com
c150294578,patricia40.hotmail.com,patricia40@hotmail.com
f142078735,parks.trevor.mail.com,parks.trevor@mail.com
e158243756,michael.sprecher.gmail.com,michael.sprecher@gmail.com
g183650742,arthur.williams.yahoo.com,arthur.williams@yahoo.com
e115550876,kirk.rochelle.mail.com.au,kirk.rochelle@mail.com.au
b171915259,wiseman67.aol.com,wiseman67@aol.com
f161984901,elsie3.yahoo.com,elsie3@yahoo.com
c190974105,betsinger.amy.mail.com,betsinger.amy@mail.com
g102928984,gilbert.huneycutt.aol.com,gilbert.huneycutt@aol.com
c162109387,yolander.webb.mail.com.au,yolander.webb@mail.com.au
c130641244,shana51.mail.com,shana51@mail.com
a126266790,michael.phelps.gmail.com,michael.phelps@gmail.com
i170233893,triplett.benjamin.mail.com.au,triplett.benjamin@mail.com.au
h106878480,padlickqgm.hotmail.com,padlickqgm@hotmail.com
h160903706,nbaecnpmpk.mail.com,nbaecnpmpk@mail.com
b137351531,michael.rose.mail.com,michael.rose@mail.com
f138301781,carmody.steven.yahoo.com,carmody.steven@yahoo.com
e186752202,margaret84.mail.com,margaret84@mail.com
b165388058,smith99.mail.com.au,smith99@mail.com.au
c164427696,darryl.clemenson.mail.com.au,darryl.clemenson@mail.com.au
a146348524,self.jon.gmail.com,self.jon@gmail.com
e174572359,leon.hallett.aol.com,leon.hallett@aol.com
c124442223,paul42.yahoo.com,paul42@yahoo.com
d143811274,mcmillan.benny.mail.com.au,mcmillan.benny@mail.com.au
e133511623,smith.priscila.hotmail.com,smith.priscila@hotmail.com
f150201443,kenji93.aol.com,kenji93@aol.com
f150201443,kenji93.aol.com,kenji93@aol.com
f171882199,nancy.roddy.gmail.com,nancy.roddy@gmail.com
h178415505,anita40.hotmail.com,anita40@hotmail.com
b123928306,smith.peggy.yahoo.com,smith.peggy@yahoo.com
e185468158,benedict9.mail.com.au,benedict9@mail.com.au
e195895261,wilkes95.aol.com,wilkes95@aol.com
g164707636,bailey21.gmail.com,bailey21@gmail.com
i136934209,cgdotbklep.yahoo.com,cgdotbklep@yahoo.com
d120212797,betty91.yahoo.com,betty91@yahoo.com
c184098522,anthony.mcgee.gmail.com,anthony.mcgee@gmail.com
c144007351,linda62.aol.com,linda62@aol.com
g121098472,august.benfield.mail.com.au,august.benfield@mail.com.au
b147879634,tittle55.mail.com.au,tittle55@mail.com.au
d175346612,mary27.aol.com,mary27@aol.com
i131229375,hughes48.yahoo.com,hughes48@yahoo.com
c137470317,dominique34.mail.com.au,dominique34@mail.com.au
b163148877,monger.david.aol.com,monger.david@aol.com
h194171891,virginia59.aol.com,virginia59@aol.com
g114735911,smith8.aol.com,smith8@aol.com
f108342429,christopher.laughlin.gmail.com,christopher.laughlin@gmail.com
e132821244,brenda9.gmail.com,brenda9@gmail.com
h147198864,thomas.baber.hotmail.com,thomas.baber@hotmail.com
d154181332,chapman26.gmail.com,chapman26@gmail.com
a117760163,tarah41.mail.com,tarah41@mail.com
b109300806,kathy.johnson.aol.com,kathy.johnson@aol.com
d190177923,linda.welborn.mail.com,linda.welborn@mail.com
a157847925,nnntaqlreo.aol.com,nnntaqlreo@aol.com
g180358766,thomas62.mail.com.au,thomas62@mail.com.au
f155571632,michael55.yahoo.com,michael55@yahoo.com
f129423552,gillian.jane.gmail.com,gillian.jane@gmail.com
i187149167,poqcqifhtn.mail.com.au,poqcqifhtn@mail.com.au
b107874932,phyllis.stathelson.yahoo.com,phyllis.stathelson@yahoo.com
b145822332,tsdandirhi.hotmail.com,tsdandirhi@hotmail.com
e165959451,lindell.robards.yahoo.com,lindell.robards@yahoo.com
f190888680,carol.reid.hotmail.com,carol.reid@hotmail.com
i162883156,burkhart52.gmail.com,burkhart52@gmail.com
i162883156,burkhart52.gmail.com,burkhart52@gmail.com
h120481003,tadlock90.mail.com.au,tadlock90@mail.com.au
h103146896,idddnejscq.mail.com.au,idddnejscq@mail.com.au
c185577272,qrbtqcsdim.gmail.com,qrbtqcsdim@gmail.com
c156974118,sammartino.john.mail.com.au,sammartino.john@mail.com.au
e186355428,bethany43.gmail.com,bethany43@gmail.com
h194989079,brian.parker.mail.com,brian.parker@mail.com
h194989079,brian.parker.mail.com,brian.parker@mail.com
f195954039,markus.ward.hotmail.com,markus.ward@hotmail.com
a157978554,mqnrqdrnpf.aol.com,mqnrqdrnpf@aol.com
c141800766,mcbryde.christina.yahoo.com,mcbryde.christina@yahoo.com
g121692079,jeremy.walker.gmail.com,jeremy.walker@gmail.com
f199894560,hatley51.mail.com.au,hatley51@mail.com.au
d107184638,donna.conner.mail.com.au,donna.conner@mail.com.au
g144347991,pate68.yahoo.com,pate68@yahoo.com
d162335929,gregory3.yahoo.com,gregory3@yahoo.com
e199397237,marlin.rogers.mail.com,marlin.rogers@mail.com
e199397237,marlin.rogers.mail.com,marlin.rogers@mail.com
e142868009,matthew.keene.gmail.com,matthew.keene@gmail.com
g181954866,muhammad80.yahoo.com,muhammad80@yahoo.com
c195184721,giglio.joseph.mail.com,giglio.joseph@mail.com
h134999748,gloris72.aol.com,gloris72@aol.com
b189247205,ooadpeipbc.yahoo.com,ooadpeipbc@yahoo.com
b189247205,ooadpeipbc.yahoo.com,ooadpeipbc@yahoo.com
e140577679,john9.mail.com.au,john9@mail.com.au
c190982462,whitman.ruth.gmail.com,whitman.ruth@gmail.com
i165381375,defabio.steven.aol.com,defabio.steven@aol.com
d194964957,antonia65.gmail.com,antonia65@gmail.com
d115503267,schwartz.robert.mail.com,schwartz.robert@mail.com
a166909198,michael3.gmail.com,michael3@gmail.com
g175234769,sara.coltrane.hotmail.com,sara.coltrane@hotmail.com
e128194007,wilmer13.mail.com.au,wilmer13@mail.com.au
h121878567,johnson.jarod.mail.com.au,johnson.jarod@mail.com.au
f177268727,west86.aol.com,west86@aol.com
h195556510,paul25.mail.com,paul25@mail.com
e103186734,kimberly.piper.mail.com.au,kimberly.piper@mail.com.au
c118190435,kluttz.larry.yahoo.com,kluttz.larry@yahoo.com
f147971675,annette76.gmail.com,annette76@gmail.com
a189839127,manoj85.mail.com,manoj85@mail.com
a159511096,miller65.yahoo.com,miller65@yahoo.com
e187251273,gladys97.aol.com,gladys97@aol.com
h177164978,ledford.franklin.gmail.com,ledford.franklin@gmail.com
g115590524,jasper82.gmail.com,jasper82@gmail.com
b183768345,young.demetrius.gmail.com,young.demetrius@gmail.com
h106155836,nicole61.hotmail.com,nicole61@hotmail.com
c188376611,samuel.roberts.yahoo.com,samuel.roberts@yahoo.com
e171150548,kpaproieii.aol.com,kpaproieii@aol.com
g104928661,matthew29.gmail.com,matthew29@gmail.com
a115796564,richard55.hotmail.com,richard55@hotmail.com
f125564205,vogler.alice.yahoo.com,vogler.alice@yahoo.com
a125883629,reginald84.mail.com,reginald84@mail.com
g114388391,pechey69.mail.com.au,pechey69@mail.com.au
d118598470,chdqisrrje.hotmail.com,chdqisrrje@hotmail.com
f138970564,jamey41.gmail.com,jamey41@gmail.com
h177843258,sistrunk.harry.mail.com,sistrunk.harry@mail.com
b133075563,james.rocher.yahoo.com,james.rocher@yahoo.com
h193011701,daqrstjkgg.mail.com.au,daqrstjkgg@mail.com.au
d175284893,julianne43.aol.com,julianne43@aol.com
a119632991,japre.vallejo.hotmail.com,japre.vallejo@hotmail.com
d179040102,jordan19.aol.com,jordan19@aol.com
d179040102,jordan19.aol.com,jordan19@aol.com
d104698606,thomas40.aol.com,thomas40@aol.com
d174268305,holliday.scott.gmail.com,holliday.scott@gmail.com
a166523286,mickey.george.mail.com.au,mickey.george@mail.com.au
c179920130,faqdiiqbne.mail.com,faqdiiqbne@mail.com
e168919963,dthnkffgii.gmail.com,dthnkffgii@gmail.com
e168919963,dthnkffgii.gmail.com,dthnkffgii@gmail.com
c186396318,jnnpjrfqnl.mail.com,jnnpjrfqnl@mail.com
e109948239,amanda73.hotmail.com,amanda73@hotmail.com
d198246871,parker98.hotmail.com,parker98@hotmail.com
a162184058,iqogcrpjra.aol.com,iqogcrpjra@aol.com
h173286239,barber38.mail.com,barber38@mail.com
a108489400,mitchell.judd.mail.com,mitchell.judd@mail.com
f173631620,dixon.zelma.gmail.com,dixon.zelma@gmail.com
g134187324,bowyer69.hotmail.com,bowyer69@hotmail.com
e156492731,johns62.mail.com,johns62@mail.com
a140303432,steele.debbie.yahoo.com,steele.debbie@yahoo.com
d116840151,john62.mail.com.au,john62@mail.com.au
h131899844,gwin89.hotmail.com,gwin89@hotmail.com
i147807207,jhoqstkdae.mail.com,jhoqstkdae@mail.com
h143062446,sterling.lewin.mail.com,sterling.lewin@mail.com
h143062446,sterling.lewin.mail.com,sterling.lewin@mail.com
g138866378,dunne3.mail.com.au,dunne3@mail.com.au
g138866378,dunne3.mail.com.au,dunne3@mail.com.au
d154154764,sdtqkgttmm.mail.com.au,sdtqkgttmm@mail.com.au
c126938903,stkplroqan.gmail.com,stkplroqan@gmail.com
b145001627,conner40.yahoo.com,conner40@yahoo.com
f124630877,sherrill.barbara.hotmail.com,sherrill.barbara@hotmail.com
i183954829,aponik92.aol.com,aponik92@aol.com
i112904328,benjamin96.mail.com.au,benjamin96@mail.com.au
h114515755,gary.moore.mail.com.au,gary.moore@mail.com.au
c104156958,dphmrgjjao.mail.com,dphmrgjjao@mail.com
e149912313,allen.robert.mail.com,allen.robert@mail.com
f132178512,young.edward.aol.com,young.edward@aol.com
i197233799,sears.sarah.mail.com.au,sears.sarah@mail.com.au
d176666207,angelica64.hotmail.com,angelica64@hotmail.com
a157115446,gaddy.manon.aol.com,gaddy.manon@aol.com
i126580644,vaughn.charles.aol.com,vaughn.charles@aol.com
b132791739,robert16.aol.com,robert16@aol.com
f151818287,heffner11.aol.com,heffner11@aol.com
h141133965,brown100.hotmail.com,brown100@hotmail.com
c146890360,juli.thomas.mail.com.au,juli.thomas@mail.com.au
e158543782,veronica49.hotmail.com,veronica49@hotmail.com
e109452219,gqmgdqlsaf.hotmail.com,gqmgdqlsaf@hotmail.com
d131723696,ssqhrmqenq.yahoo.com,ssqhrmqenq@yahoo.com
i101332300,turner.lessie.mail.com,turner.lessie@mail.com
f175165876,weddle25.aol.com,weddle25@aol.com
b116540992,steven73.hotmail.com,steven73@hotmail.com
a125966293,blue.doris.yahoo.com,blue.doris@yahoo.com
a147760764,ambrovich.eldrice.mail.com,ambrovich.eldrice@mail.com
e114165798,michael74.yahoo.com,michael74@yahoo.com
h141524677,john14.mail.com,john14@mail.com
g161011460,qqnfjiackr.yahoo.com,qqnfjiackr@yahoo.com
f133177915,john39.mail.com,john39@mail.com
c146194945,jackson75.aol.com,jackson75@aol.com
i103303191,occkohpnml.hotmail.com,occkohpnml@hotmail.com
c174204011,bobby.montgomery.yahoo.com,bobby.montgomery@yahoo.com
i172839130,rose83.gmail.com,rose83@gmail.com
i137235272,scott.richardson.mail.com,scott.richardson@mail.com
d113672386,martha.stiff.aol.com,martha.stiff@aol.com
e188136320,mark87.mail.com.au,mark87@mail.com.au
e188136320,mark87.mail.com.au,mark87@mail.com.au
c112609588,tspcnbroga.mail.com,tspcnbroga@mail.com
c160293864,tqqnsmjdfd.mail.com,tqqnsmjdfd@mail.com
d105618825,donna23.gmail.com,donna23@gmail.com
c156129325,westphal.dolores.yahoo.com,westphal.dolores@yahoo.com
a195796980,lynn76.mail.com,lynn76@mail.com
a155423098,brooks.horace.mail.com.au,brooks.horace@mail.com.au
f169598847,riley.molly.aol.com,riley.molly@aol.com
i145121985,billy.modlin.yahoo.com,billy.modlin@yahoo.com
g155266284,hege.dennis.mail.com,hege.dennis@mail.com
e194044402,kathryn.tucker.mail.com.au,kathryn.tucker@mail.com.au
f178982127,foster30.hotmail.com,foster30@hotmail.com
h140972030,ledford12.gmail.com,ledford12@gmail.com
f106488282,lavern.abernathy.hotmail.com,lavern.abernathy@hotmail.com
d135444231,paris.joseph.hotmail.com,paris.joseph@hotmail.com
d183821339,bpseqjlioo.aol.com,bpseqjlioo@aol.com
i189775582,jordan.carlena.hotmail.com,jordan.carlena@hotmail.com
h133591718,grmaajodoe.yahoo.com,grmaajodoe@yahoo.com
f193633985,sheldon95.mail.com.au,sheldon95@mail.com.au
i189387981,joel62.aol.com,joel62@aol.com
e142828744,nina55.mail.com.au,nina55@mail.com.au
e142828744,nina55.mail.com.au,nina55@mail.com.au
a107102661,bell.junying.aol.com,bell.junying@aol.com
f199212913,robert52.hotmail.com,robert52@hotmail.com
a157881399,carter.franco.hotmail.com,carter.franco@hotmail.com
e199222549,perez25.yahoo.com,perez25@yahoo.com
b183085820,matkins99.mail.com,matkins99@mail.com
d155593194,knfplegdpj.aol.com,knfplegdpj@aol.com
a166661353,raymond39.aol.com,raymond39@aol.com
f103823281,linda.baez.mail.com,linda.baez@mail.com
a117001681,l.cohen.gmail.com,l.cohen@gmail.com
a117001681,l.cohen.gmail.com,l.cohen@gmail.com
e145102802,tracy.towers.yahoo.com,tracy.towers@yahoo.com
h145571219,crapster98.gmail.com,crapster98@gmail.com
c141538133,aqelfecafq.gmail.com,aqelfecafq@gmail.com
g147514511,donald.poulton.gmail.com,donald.poulton@gmail.com
d109711182,daniel30.aol.com,daniel30@aol.com
a154851033,irvin.caligiuri.aol.com,irvin.caligiuri@aol.com
g167782874,spurlin.ronald.hotmail.com,spurlin.ronald@hotmail.com
f154512484,fields91.aol.com,fields91@aol.com
d172397848,meagan.pettit.yahoo.com,meagan.pettit@yahoo.com
g144946104,brian4.hotmail.com,brian4@hotmail.com
d137646651,parker80.gmail.com,parker80@gmail.com
a126629028,emily.alletzhauser.mail.com,emily.alletzhauser@mail.com
h135252448,graves52.gmail.com,graves52@gmail.com
f129353279,clifton.sherlock.yahoo.com,clifton.sherlock@yahoo.com
i166370818,nljtthgthd.mail.com.au,nljtthgthd@mail.com.au
b170926148,joyner.ricky.gmail.com,joyner.ricky@gmail.com
a147410881,bskoisqntj.yahoo.com,bskoisqntj@yahoo.com
i111377189,eckroad22.mail.com,eckroad22@mail.com
e185124854,andrew.cunningham.yahoo.com,andrew.cunningham@yahoo.com
f140209736,chavis.michael.aol.com,chavis.michael@aol.com
h128180127,sasha.gowen.mail.com,sasha.gowen@mail.com
a180657048,gwinn.ernest.yahoo.com,gwinn.ernest@yahoo.com
c132266061,gcsanacdik.hotmail.com,gcsanacdik@hotmail.com
f125531896,steven70.mail.com,steven70@mail.com
i119816522,robinson.michelle.yahoo.com,robinson.michelle@yahoo.com
c174343253,chrisco.bill.mail.com.au,chrisco.bill@mail.com.au
h140899512,ritch34.hotmail.com,ritch34@hotmail.com
i106103846,didngncfso.yahoo.com,didngncfso@yahoo.com
c116463333,asher.micheal.hotmail.com,asher.micheal@hotmail.com
f131609417,thomas61.hotmail.com,thomas61@hotmail.com
f149000613,crqgqtsotm.hotmail.com,crqgqtsotm@hotmail.com
c170806709,patel68.mail.com.au,patel68@mail.com.au
i136559873,jason.hutton.mail.com,jason.hutton@mail.com
h105155921,hively79.mail.com,hively79@mail.com
e155899578,bkpjcjihee.hotmail.com,bkpjcjihee@hotmail.com
e171310145,pecmqrdrec.aol.com,pecmqrdrec@aol.com
i188997376,steele.kelly.aol.com,steele.kelly@aol.com
b112001381,kim.smithey.aol.com,kim.smithey@aol.com
e103758006,brown50.hotmail.com,brown50@hotmail.com
i125096840,baker54.yahoo.com,baker54@yahoo.com
g135991913,batten.jerry.mail.com.au,batten.jerry@mail.com.au
h109081884,connie28.gmail.com,connie28@gmail.com
d191187634,olahkqskko.aol.com,olahkqskko@aol.com
e193085858,nctjsjcntc.yahoo.com,nctjsjcntc@yahoo.com
h153416553,gavin.johnson.mail.com.au,gavin.johnson@mail.com.au
c121242582,susan100.aol.com,susan100@aol.com
b188336397,angelena.yount.yahoo.com,angelena.yount@yahoo.com
a186785072,black.ralph.yahoo.com,black.ralph@yahoo.com
d178453947,mary.stubbs.yahoo.com,mary.stubbs@yahoo.com
c101607956,jean.martin.hotmail.com,jean.martin@hotmail.com
g105338634,hilda57.yahoo.com,hilda57@yahoo.com
c168918670,becker.daniel.yahoo.com,becker.daniel@yahoo.com
h135719937,wilson56.mail.com.au,wilson56@mail.com.au
c102526135,albert34.hotmail.com,albert34@hotmail.com
d179304540,gonzalez.lena.aol.com,gonzalez.lena@aol.com
a152967249,tmspqghtcq.mail.com,tmspqghtcq@mail.com
c159180757,long.phillip.hotmail.com,long.phillip@hotmail.com
g165414598,redfearn22.yahoo.com,redfearn22@yahoo.com
h130561895,tinola23.yahoo.com,tinola23@yahoo.com
d100509987,timothy.seay.mail.com.au,timothy.seay@mail.com.au
e149648373,waugh.gerard.hotmail.com,waugh.gerard@hotmail.com
d119007242,fleischer.joseph.hotmail.com,fleischer.joseph@hotmail.com
c116279818,christopher.czaja.yahoo.com,christopher.czaja@yahoo.com
f113881842,riggans.jessie.hotmail.com,riggans.jessie@hotmail.com
f113881842,riggans.jessie.hotmail.com,riggans.jessie@hotmail.com
g120557686,laughey16.yahoo.com,laughey16@yahoo.com
c192932906,clemons.dominique.hotmail.com,clemons.dominique@hotmail.com
e159719557,johnson.jack.hotmail.com,johnson.jack@hotmail.com
g142236414,william25.yahoo.com,william25@yahoo.com
g143029569,william.perl.hotmail.com,william.perl@hotmail.com
h193856302,norma.grimsley.hotmail.com,norma.grimsley@hotmail.com
h193856302,norma.grimsley.hotmail.com,norma.grimsley@hotmail.com
d128056263,saicqbdnos.mail.com,saicqbdnos@mail.com
f178623991,crawford100.gmail.com,crawford100@gmail.com
d135924879,kilpatrick11.aol.com,kilpatrick11@aol.com
e196687227,idclgdocik.hotmail.com,idclgdocik@hotmail.com
e196687227,idclgdocik.hotmail.com,idclgdocik@hotmail.com
i183958053,fulk96.mail.com,fulk96@mail.com
d171357292,stapkjaoej.yahoo.com,stapkjaoej@yahoo.com
b142413134,clemmons52.hotmail.com,clemmons52@hotmail.com
c136700904,gksnhaobrk.aol.com,gksnhaobrk@aol.com
e116445039,edward.buckram.aol.com,edward.buckram@aol.com
i176846883,isaac.holmes.hotmail.com,isaac.holmes@hotmail.com
i115734023,okisdjkihe.mail.com,okisdjkihe@mail.com
g191097372,norton.joseph.hotmail.com,norton.joseph@hotmail.com
f189274894,michael.branch.gmail.com,michael.branch@gmail.com
g180411896,rpqpmkarec.aol.com,rpqpmkarec@aol.com
g180411896,rpqpmkarec.aol.com,rpqpmkarec@aol.com
c118834098,exum.samuel.mail.com,exum.samuel@mail.com
g113048569,richard.oates.hotmail.com,richard.oates@hotmail.com
d108011683,agjkopnheo.yahoo.com,agjkopnheo@yahoo.com
i115354054,ralph.thompson.yahoo.com,ralph.thompson@yahoo.com
a134255487,pkdejelasi.yahoo.com,pkdejelasi@yahoo.com
f184037772,dbafniqgpf.mail.com.au,dbafniqgpf@mail.com.au
f184037772,dbafniqgpf.mail.com.au,dbafniqgpf@mail.com.au
i141532017,charles31.gmail.com,charles31@gmail.com
i180023728,sylvia.worthey.mail.com,sylvia.worthey@mail.com
d186892827,allen15.mail.com.au,allen15@mail.com.au
g129598849,james33.mail.com.au,james33@mail.com.au
c183015112,robert.bolder.aol.com,robert.bolder@aol.com
g145098638,lewis97.mail.com.au,lewis97@mail.com.au
f151360692,armstrong.dwight.yahoo.com,armstrong.dwight@yahoo.com
i136748142,jason34.hotmail.com,jason34@hotmail.com
a149278263,sanders.roy.mail.com,sanders.roy@mail.com
i152172210,ddentlsngc.mail.com.au,ddentlsngc@mail.com.au
h146969672,johnston38.mail.com.au,johnston38@mail.com.au
h179721074,thomas68.mail.com,thomas68@mail.com
g194576578,oeisbjlrcc.aol.com,oeisbjlrcc@aol.com
b128695362,graham30.yahoo.com,graham30@yahoo.com
e140589264,fleming79.mail.com,fleming79@mail.com
i147540449,caballero.lewis.gmail.com,caballero.lewis@gmail.com
h158467847,stephany78.mail.com,stephany78@mail.com
a153660034,terry.baker.hotmail.com,terry.baker@hotmail.com
f160742006,vicinus.michael.aol.com,vicinus.michael@aol.com
e197691540,pope.bobby.mail.com,pope.bobby@mail.com
c111208098,jeanette58.hotmail.com,jeanette58@hotmail.com
f145822259,kkcnhjthha.hotmail.com,kkcnhjthha@hotmail.com
h174393297,niaqgmrchk.mail.com.au,niaqgmrchk@mail.com.au
a104172746,richard92.gmail.com,richard92@gmail.com
e159169589,pearl.skidmore.hotmail.com,pearl.skidmore@hotmail.com
c107987433,christine.basnight.mail.com,christine.basnight@mail.com
g192019157,erika.finn.yahoo.com,erika.finn@yahoo.com
e100883338,armstrong74.hotmail.com,armstrong74@hotmail.com
b108291836,russell.parker.mail.com.au,russell.parker@mail.com.au
h106832239,lanning.travis.hotmail.com,lanning.travis@hotmail.com
b135092924,franklin7.mail.com,franklin7@mail.com
c102507815,amanda7.hotmail.com,amanda7@hotmail.com
d137402393,mohamad94.mail.com,mohamad94@mail.com
d163422068,hagbrhifqo.aol.com,hagbrhifqo@aol.com
e157533218,sctqgmcaqg.mail.com,sctqgmcaqg@mail.com
h106602925,kevin92.hotmail.com,kevin92@hotmail.com
a166905325,norman46.yahoo.com,norman46@yahoo.com
h114810409,john22.mail.com.au,john22@mail.com.au
h195361880,fpssdqckfp.mail.com,fpssdqckfp@mail.com
i154488833,argueta8.hotmail.com,argueta8@hotmail.com
h148524442,benfield.carl.yahoo.com,benfield.carl@yahoo.com
h194706374,tfktbhbjfi.mail.com,tfktbhbjfi@mail.com
g145977831,carr16.gmail.com,carr16@gmail.com
e182344802,victor.hardison.hotmail.com,victor.hardison@hotmail.com
d159045588,gibson53.mail.com,gibson53@mail.com
d182075924,freeman53.mail.com.au,freeman53@mail.com.au
d182075924,freeman53.mail.com.au,freeman53@mail.com.au
i121102421,sharon.mcfarland.hotmail.com,sharon.mcfarland@hotmail.com
i124474346,sara25.yahoo.com,sara25@yahoo.com
e181053265,brown.issac.hotmail.com,brown.issac@hotmail.com
e123962163,perkine.walker.mail.com,perkine.walker@mail.com
a140597880,elmaotflfl.mail.com.au,elmaotflfl@mail.com.au
h131821907,raymond.bynum.hotmail.com,raymond.bynum@hotmail.com
b141881040,west2.gmail.com,west2@gmail.com
i158044252,isley.robert.yahoo.com,isley.robert@yahoo.com
h158070436,mdssojcqgb.yahoo.com,mdssojcqgb@yahoo.com
c130652298,rblmspkhac.gmail.com,rblmspkhac@gmail.com
b152663549,gabtpdsgos.mail.com,gabtpdsgos@mail.com
f132440687,nbrcnmncba.gmail.com,nbrcnmncba@gmail.com
g140196071,jones.stephanie.aol.com,jones.stephanie@aol.com
e152625022,edward85.mail.com.au,edward85@mail.com.au
a101128374,khjcboigpf.hotmail.com,khjcboigpf@hotmail.com
i109875788,mark.johnson.mail.com,mark.johnson@mail.com
c128996463,merrill67.mail.com,merrill67@mail.com
i112803291,benson26.mail.com,benson26@mail.com
c146597317,dalton.robert.mail.com.au,dalton.robert@mail.com.au
e176990667,daniel.smith.mail.com,daniel.smith@mail.com
h129173603,bryan99.yahoo.com,bryan99@yahoo.com
b150690338,mootddcafk.mail.com,mootddcafk@mail.com
g113199579,stephen.ladd.yahoo.com,stephen.ladd@yahoo.com
b163137894,james.wahl.aol.com,james.wahl@aol.com
c103549405,d'ambrosio.brandy.mail.com,d'ambrosio.brandy@mail.com
a167310710,qdoooihqio.mail.com,qdoooihqio@mail.com
c143333116,touati.stephen.mail.com.au,touati.stephen@mail.com.au
a104584807,opojfoiedp.mail.com.au,opojfoiedp@mail.com.au
b149645921,whalen.robert.mail.com.au,whalen.robert@mail.com.au
i188638026,sbdorjlhpt.aol.com,sbdorjlhpt@aol.com
g103748184,clarence.marville.yahoo.com,clarence.marville@yahoo.com
b192911837,wright.christopher.hotmail.com,wright.christopher@hotmail.com
d126943512,treadway.christopher.mail.com,treadway.christopher@mail.com
h156129749,cox.ruel.yahoo.com,cox.ruel@yahoo.com
h104255945,chloe74.gmail.com,chloe74@gmail.com
a170769194,geneva73.gmail.com,geneva73@gmail.com
h119741049,kaitlin11.yahoo.com,kaitlin11@yahoo.com
a144377502,pullo25.gmail.com,pullo25@gmail.com
b199379435,davila.jahliesha.mail.com.au,davila.jahliesha@mail.com.au
b183027481,randy.harris.mail.com,randy.harris@mail.com
e131463033,eddie.edge.hotmail.com,eddie.edge@hotmail.com
f173937062,jergstidfm.hotmail.com,jergstidfm@hotmail.com
c187939437,henrietta7.yahoo.com,henrietta7@yahoo.com
e188840023,hulda.maffett.gmail.com,hulda.maffett@gmail.com
i157868121,centofanti34.aol.com,centofanti34@aol.com
d140757430,lcdolbeopf.mail.com,lcdolbeopf@mail.com
h121950703,spell.mary.yahoo.com,spell.mary@yahoo.com
f110047147,paulson.marisa.mail.com.au,paulson.marisa@mail.com.au
d102972577,bostian40.hotmail.com,bostian40@hotmail.com
i133609587,matthew.odum.aol.com,matthew.odum@aol.com
h105433230,bryant40.yahoo.com,bryant40@yahoo.com
b153340684,ahmiinmgjg.yahoo.com,ahmiinmgjg@yahoo.com
b100700080,udomsirirat.david.aol.com,udomsirirat.david@aol.com
d126511187,ilqlnanalq.yahoo.com,ilqlnanalq@yahoo.com
h142631456,william.mcneill.gmail.com,william.mcneill@gmail.com
c137199794,harrill65.gmail.com,harrill65@gmail.com
e116409059,catherine.vanhoy.yahoo.com,catherine.vanhoy@yahoo.com
f134752973,petusky.robert.gmail.com,petusky.robert@gmail.com
g139286960,marcus36.mail.com,marcus36@mail.com
b187732317,reese91.gmail.com,reese91@gmail.com
b164873949,mksbdcpcfd.aol.com,mksbdcpcfd@aol.com
h117104515,murrow56.yahoo.com,murrow56@yahoo.com
f171058088,ralph.carroll.gmail.com,ralph.carroll@gmail.com
f171058088,ralph.carroll.gmail.com,ralph.carroll@gmail.com
d129148318,nagy.mitchel.hotmail.com,nagy.mitchel@hotmail.com
g196258847,vashistha87.mail.com,vashistha87@mail.com
h131737215,eric.rosen.mail.com.au,eric.rosen@mail.com.au
c132879290,bonds73.mail.com,bonds73@mail.com
f158708055,zeisz.penny.mail.com,zeisz.penny@mail.com
g180349493,sgjkdeppff.aol.com,sgjkdeppff@aol.com
b125725264,rowe49.mail.com.au,rowe49@mail.com.au
h139167603,hargis44.yahoo.com,hargis44@yahoo.com
c107519985,benjamin10.yahoo.com,benjamin10@yahoo.com
d150141025,frontin.john.aol.com,frontin.john@aol.com
i106912666,skipper.connie.gmail.com,skipper.connie@gmail.com
a184497398,barrow.walter.mail.com,barrow.walter@mail.com
a184497398,barrow.walter.mail.com,barrow.walter@mail.com
e168312165,kajgbjhhkj.mail.com.au,kajgbjhhkj@mail.com.au
i116975910,hodges6.yahoo.com,hodges6@yahoo.com
i171382025,zachary100.mail.com.au,zachary100@mail.com.au
i109175508,robert11.aol.com,robert11@aol.com
c178657391,gadqbemlkf.gmail.com,gadqbemlkf@gmail.com
i119514757,burl32.gmail.com,burl32@gmail.com
c153343435,robert67.hotmail.com,robert67@hotmail.com
i195881715,james.werneke.aol.com,james.werneke@aol.com
c187017034,romeo51.aol.com,romeo51@aol.com
c195590862,paula64.mail.com,paula64@mail.com
g187661973,lapointe.monica.gmail.com,lapointe.monica@gmail.com
g121797254,adell5.mail.com,adell5@mail.com
g198943272,rfpdmtmllq.yahoo.com,rfpdmtmllq@yahoo.com
g198943272,rfpdmtmllq.yahoo.com,rfpdmtmllq@yahoo.com
a181596690,madhumita16.mail.com.au,madhumita16@mail.com.au
e183863861,mmhrajbcpa.mail.com,mmhrajbcpa@mail.com
i148407114,harvey.regina.mail.com,harvey.regina@mail.com
g170788489,washington70.hotmail.com,washington70@hotmail.com
i138096744,jerald91.mail.com.au,jerald91@mail.com.au
d136100976,rochelle63.mail.com,rochelle63@mail.com
c119098829,restivo.janet.mail.com.au,restivo.janet@mail.com.au
h152093811,krlcbnhbtt.mail.com,krlcbnhbtt@mail.com
d188757963,cortez.roger.aol.com,cortez.roger@aol.com
c192346495,waters79.hotmail.com,waters79@hotmail.com
a153111895,mark.hervey.gmail.com,mark.hervey@gmail.com
e185015594,neal.tracy.aol.com,neal.tracy@aol.com
h169968142,nash7.aol.com,nash7@aol.com
c122112128,gregory90.hotmail.com,gregory90@hotmail.com
a173834868,gsbcstmeda.yahoo.com,gsbcstmeda@yahoo.com
b192539573,james.schmitt.gmail.com,james.schmitt@gmail.com
c167880050,clark15.mail.com,clark15@mail.com
b136384545,sylvia.costanzo.gmail.com,sylvia.costanzo@gmail.com
d107922290,coe.william.aol.com,coe.william@aol.com
d119759201,stott64.mail.com.au,stott64@mail.com.au
e141826035,sterner.kim.gmail.com,sterner.kim@gmail.com
f178747908,kas.may.mail.com.au,kas.may@mail.com.au
f178747908,kas.may.mail.com.au,kas.may@mail.com.au
g175636539,hill29.yahoo.com,hill29@yahoo.com
i107512151,thompson44.aol.com,thompson44@aol.com
g147782614,keith37.aol.com,keith37@aol.com
g147782614,keith37.aol.com,keith37@aol.com
d103870584,cowell27.aol.com,cowell27@aol.com
i184701138,roper.jennifer.aol.com,roper.jennifer@aol.com
e144792187,carver.kathleen.aol.com,carver.kathleen@aol.com
b126056746,helen.shepard.gmail.com,helen.shepard@gmail.com
a102692061,watkins.william.gmail.com,watkins.william@gmail.com
a102692061,watkins.william.gmail.com,watkins.william@gmail.com
h109073965,laura83.hotmail.com,laura83@hotmail.com
f140161165,coughlin13.mail.com.au,coughlin13@mail.com.au
b191453984,ward80.hotmail.com,ward80@hotmail.com
g146341890,dunn.kenneth.gmail.com,dunn.kenneth@gmail.com
g196321993,eqqgsfpjog.gmail.com,eqqgsfpjog@gmail.com
g159012338,braddpaice.mail.com.au,braddpaice@mail.com.au
c122170659,rodgers.stephanie.mail.com,rodgers.stephanie@mail.com
g102264946,slopsema61.gmail.com,slopsema61@gmail.com
a165245291,may.griggs.yahoo.com,may.griggs@yahoo.com
e153464616,jacolby.detter.yahoo.com,jacolby.detter@yahoo.com
i123369002,miller7.hotmail.com,miller7@hotmail.com
e172054660,madeline52.mail.com,madeline52@mail.com
i144838497,peter42.yahoo.com,peter42@yahoo.com
f192272497,memmegrsna.hotmail.com,memmegrsna@hotmail.com
a156427074,scott6.gmail.com,scott6@gmail.com
d141619065,randall.kern.yahoo.com,randall.kern@yahoo.com
d198514673,qglisttlmn.mail.com.au,qglisttlmn@mail.com.au
h139108817,russell.carline.hotmail.com,russell.carline@hotmail.com
h160370604,edward.mullinix.gmail.com,edward.mullinix@gmail.com
b180530473,hammoussi.james.hotmail.com,hammoussi.james@hotmail.com
i163385696,brian.speigle.hotmail.com,brian.speigle@hotmail.com
i163385696,brian.speigle.hotmail.com,brian.speigle@hotmail.com
d104226805,pcbdhgcsbl.gmail.com,pcbdhgcsbl@gmail.com
d165363756,smalley.elizabeth.mail.com.au,smalley.elizabeth@mail.com.au
c111406480,afhsslkpoq.yahoo.com,afhsslkpoq@yahoo.com
a142481538,mcghee.james.hotmail.com,mcghee.james@hotmail.com
a192047151,williams64.hotmail.com,williams64@hotmail.com
h192358111,felishia90.mail.com.au,felishia90@mail.com.au
d157882769,rmfjekslia.mail.com.au,rmfjekslia@mail.com.au
i194528457,mila23.aol.com,mila23@aol.com
c112521021,still.robert.mail.com.au,still.robert@mail.com.au
g172749707,george43.hotmail.com,george43@hotmail.com
h199134450,lingerfelt61.aol.com,lingerfelt61@aol.com
g173316593,jmdmlcileg.gmail.com,jmdmlcileg@gmail.com
h120665482,charlene69.mail.com,charlene69@mail.com
i186037913,hunt62.mail.com.au,hunt62@mail.com.au
a150185192,withrow.lucille.gmail.com,withrow.lucille@gmail.com
b121820599,logan50.hotmail.com,logan50@hotmail.com
e173386032,pqokojfamd.mail.com.au,pqokojfamd@mail.com.au
h152821430,hill23.mail.com.au,hill23@mail.com.au
c148579888,welty55.aol.com,welty55@aol.com
g161452461,pendergraft.mark.hotmail.com,pendergraft.mark@hotmail.com
f193963048,eunice52.mail.com.au,eunice52@mail.com.au
g166742752,blue.bradley.mail.com.au,blue.bradley@mail.com.au
g153584091,sopgmdchsl.mail.com.au,sopgmdchsl@mail.com.au
c137867803,johnson65.mail.com.au,johnson65@mail.com.au
i173838149,anthony.williams.aol.com,anthony.williams@aol.com
e150810225,billups.james.aol.com,billups.james@aol.com
f106312178,phillip.larsson.mail.com.au,phillip.larsson@mail.com.au
d138042263,sigmon8.mail.com,sigmon8@mail.com
h147043792,craig32.yahoo.com,craig32@yahoo.com
h199824529,julius95.aol.com,julius95@aol.com
c131443584,overby.rommie.mail.com.au,overby.rommie@mail.com.au
f146759320,donald.rohrbach.yahoo.com,donald.rohrbach@yahoo.com
h109320863,richardson15.aol.com,richardson15@aol.com
a101714009,pkdghbcrhe.hotmail.com,pkdghbcrhe@hotmail.com
c198353294,crenshaw88.yahoo.com,crenshaw88@yahoo.com
i178495061,lilley22.mail.com.au,lilley22@mail.com.au
g117779841,tjlmmgqsbd.yahoo.com,tjlmmgqsbd@yahoo.com
i156455425,neldkhdrgo.hotmail.com,neldkhdrgo@hotmail.com
g183014954,mary.hiller.mail.com,mary.hiller@mail.com
h187040799,elizabeth50.hotmail.com,elizabeth50@hotmail.com
b195768720,barner.james.aol.com,barner.james@aol.com
a139664543,stephen.elledge.aol.com,stephen.elledge@aol.com
g157383694,dubose.david.aol.com,dubose.david@aol.com
e124920859,charles32.mail.com,charles32@mail.com
g179625466,iiijgjjiqf.mail.com.au,iiijgjjiqf@mail.com.au
f124564480,courtney.broome.mail.com.au,courtney.broome@mail.com.au
e104871204,marmolejo.katrina.mail.com.au,marmolejo.katrina@mail.com.au
c184806098,joseph42.yahoo.com,joseph42@yahoo.com
b177288026,andrew.clay.mail.com,andrew.clay@mail.com
a125537313,orbebskdae.aol.com,orbebskdae@aol.com
b101862069,wilson56.gmail.com,wilson56@gmail.com
d190600020,kkhdehlsab.hotmail.com,kkhdehlsab@hotmail.com
h150437028,dfhkcksolg.hotmail.com,dfhkcksolg@hotmail.com
b118233361,beverly29.aol.com,beverly29@aol.com
h195186852,hulme.ronnie.mail.com.au,hulme.ronnie@mail.com.au
d155912097,qejcgjroas.mail.com,qejcgjroas@mail.com
i193499931,thomas.notestine.hotmail.com,thomas.notestine@hotmail.com
h166050134,charles71.gmail.com,charles71@gmail.com
h189498151,charles.daisy.mail.com.au,charles.daisy@mail.com.au
f176051606,seth.harris.mail.com.au,seth.harris@mail.com.au
e180310463,apkeistmfr.gmail.com,apkeistmfr@gmail.com
c100777043,mayes2.mail.com.au,mayes2@mail.com.au
e173238533,earl99.gmail.com,earl99@gmail.com
h182521088,nassef5.gmail.com,nassef5@gmail.com
a136041570,weber.chauntese.hotmail.com,weber.chauntese@hotmail.com
b174352503,marsha.starman.hotmail.com,marsha.starman@hotmail.com
a119595999,john.richardson.mail.com,john.richardson@mail.com
h192846108,timothy20.gmail.com,timothy20@gmail.com
g141007295,brawley59.mail.com.au,brawley59@mail.com.au
i140999038,julie80.mail.com,julie80@mail.com
i199503177,ficsgiqlce.hotmail.com,ficsgiqlce@hotmail.com
c179194918,womack35.aol.com,womack35@aol.com
d160196702,degracia.monica.mail.com,degracia.monica@mail.com
c109384802,dannon41.gmail.com,dannon41@gmail.com
a133632951,ogjjtclram.mail.com,ogjjtclram@mail.com
e108806567,joseph.kitzmiller.aol.com,joseph.kitzmiller@aol.com
f139442101,amy.baldwin.aol.com,amy.baldwin@aol.com
c191816571,ricardo26.gmail.com,ricardo26@gmail.com
c163104194,jernigan42.yahoo.com,jernigan42@yahoo.com
i131232634,timothy2.mail.com,timothy2@mail.com
f176686668,teresa.daggs.hotmail.com,teresa.daggs@hotmail.com
f172065918,shwe41.aol.com,shwe41@aol.com
d190485114,hughes68.yahoo.com,hughes68@yahoo.com
i110743505,patterson.kevin.hotmail.com,patterson.kevin@hotmail.com
c106990716,dileo.iris.gmail.com,dileo.iris@gmail.com
i184181410,wayne15.yahoo.com,wayne15@yahoo.com
g167024976,terry83.aol.com,terry83@aol.com
b122837891,diaz100.mail.com,diaz100@mail.com
g109551816,mcglynn3.gmail.com,mcglynn3@gmail.com
b170108907,jdkehmdrss.mail.com.au,jdkehmdrss@mail.com.au
g134186333,david.schultz.mail.com,david.schultz@mail.com
b101138531,howard47.gmail.com,howard47@gmail.com
b101138531,howard47.gmail.com,howard47@gmail.com
b123837767,audrey84.gmail.com,audrey84@gmail.com
e177839206,mccracken66.yahoo.com,mccracken66@yahoo.com
g138413339,amrinder46.hotmail.com,amrinder46@hotmail.com
f179376830,angela82.aol.com,angela82@aol.com
b174948300,antwain99.aol.com,antwain99@aol.com
g176779722,roberts92.mail.com.au,roberts92@mail.com.au
h162658931,stanley75.gmail.com,stanley75@gmail.com
e126007676,john.montes.yahoo.com,john.montes@yahoo.com
a100368308,shuskey36.hotmail.com,shuskey36@hotmail.com
e128905624,pgacimnqti.mail.com,pgacimnqti@mail.com
g165157771,njqgjdmgbd.mail.com,njqgjdmgbd@mail.com
a138921902,turner35.mail.com.au,turner35@mail.com.au
e199864417,thomas.dawson.gmail.com,thomas.dawson@gmail.com
g140666738,gina.hughes.aol.com,gina.hughes@aol.com
d100635608,watson77.gmail.com,watson77@gmail.com
e198083391,joe.macbeth.gmail.com,joe.macbeth@gmail.com
e198083391,joe.macbeth.gmail.com,joe.macbeth@gmail.com
b103113055,flmbfijnqg.yahoo.com,flmbfijnqg@yahoo.com
h104868034,dqplhnhifh.hotmail.com,dqplhnhifh@hotmail.com
b132374128,stitt47.hotmail.com,stitt47@hotmail.com
a161166417,rivers77.yahoo.com,rivers77@yahoo.com
i151140726,paul.taylor.aol.com,paul.taylor@aol.com
f188531387,stephens36.mail.com,stephens36@mail.com
b125538459,verta20.mail.com.au,verta20@mail.com.au
i166329481,ksridmlpmg.mail.com.au,ksridmlpmg@mail.com.au
i138686959,pmkonaojof.hotmail.com,pmkonaojof@hotmail.com
i138686959,pmkonaojof.hotmail.com,pmkonaojof@hotmail.com
i101337423,doris.garner.mail.com.au,doris.garner@mail.com.au
c175747911,betty.holt.yahoo.com,betty.holt@yahoo.com
d169604333,banks.terry.aol.com,banks.terry@aol.com
h182259151,donald.mcdonald.mail.com.au,donald.mcdonald@mail.com.au
b156580742,como.lewis.hotmail.com,como.lewis@hotmail.com
e136679686,laqjslsjsn.mail.com,laqjslsjsn@mail.com
f198503591,riley.niral.gmail.com,riley.niral@gmail.com
b195475947,richardson46.hotmail.com,richardson46@hotmail.com
g164205017,driscoll88.yahoo.com,driscoll88@yahoo.com
g166273142,watson.les.mail.com,watson.les@mail.com
a138745280,david79.mail.com.au,david79@mail.com.au
f125310777,walker.emily.mail.com,walker.emily@mail.com
i151841949,gruber.tammy.mail.com.au,gruber.tammy@mail.com.au
f194640496,francis.johnson.mail.com,francis.johnson@mail.com
g137158285,kbsfjngqsq.gmail.com,kbsfjngqsq@gmail.com
h131300064,christopher23.yahoo.com,christopher23@yahoo.com
d139437357,jeffrey.griffis.hotmail.com,jeffrey.griffis@hotmail.com
a126102023,brown.elizabeth.mail.com,brown.elizabeth@mail.com
h164418879,leslie6.gmail.com,leslie6@gmail.com
f124082926,bucoy.james.mail.com.au,bucoy.james@mail.com.au
b124910945,hinton.howard.mail.com.au,hinton.howard@mail.com.au
e115451840,borys.hector.gmail.com,borys.hector@gmail.com
c156720797,johnny53.yahoo.com,johnny53@yahoo.com
e121148056,cheryl5.yahoo.com,cheryl5@yahoo.com
d119411697,eales65.yahoo.com,eales65@yahoo.com
b103982122,hinnant.raymarr.gmail.com,hinnant.raymarr@gmail.com
i195764028,timothy7.yahoo.com,timothy7@yahoo.com
d175249533,iolgopiemi.yahoo.com,iolgopiemi@yahoo.com
i192728769,jose.lehman.gmail.com,jose.lehman@gmail.com
c121920720,goines28.hotmail.com,goines28@hotmail.com
e140964848,pegpajfdls.aol.com,pegpajfdls@aol.com
e192183334,eclhgdfrfa.aol.com,eclhgdfrfa@aol.com
i113211536,ebcrjqfbhd.mail.com,ebcrjqfbhd@mail.com
b114317711,joshua88.mail.com.au,joshua88@mail.com.au
d159088164,o'briant79.mail.com,o'briant79@mail.com
b192410138,davis87.mail.com.au,davis87@mail.com.au
d134083194,glenn.edwards.yahoo.com,glenn.edwards@yahoo.com
d189010448,daniel5.gmail.com,daniel5@gmail.com
f125976166,aaron.eason.gmail.com,aaron.eason@gmail.com
c110817947,brame.matthew.yahoo.com,brame.matthew@yahoo.com
c110817947,brame.matthew.yahoo.com,brame.matthew@yahoo.com
f127083351,mccall.anne.aol.com,mccall.anne@aol.com
b121826335,margaret27.gmail.com,margaret27@gmail.com
a103517681,heckert27.mail.com.au,heckert27@mail.com.au
g193477555,malcolm90.gmail.com,malcolm90@gmail.com
f164637979,jlbgmekdjb.gmail.com,jlbgmekdjb@gmail.com
c114825718,mitchell94.mail.com.au,mitchell94@mail.com.au
a107667083,james.faw.hotmail.com,james.faw@hotmail.com
c140113369,cabral71.mail.com.au,cabral71@mail.com.au
h163244127,charles.clodfelter.aol.com,charles.clodfelter@aol.com
b193448442,ernest59.mail.com,ernest59@mail.com
a121256781,ariel12.mail.com.au,ariel12@mail.com.au
f196798919,norman33.mail.com.au,norman33@mail.com.au
b111938430,martin.diana.hotmail.com,martin.diana@hotmail.com
h134075052,jolivia.hathaway.hotmail.com,jolivia.hathaway@hotmail.com
d193150977,mario.depew.mail.com,mario.depew@mail.com
d140069397,robert42.gmail.com,robert42@gmail.com
i128566812,sedric.strickford.hotmail.com,sedric.strickford@hotmail.com
c136135720,barbara90.hotmail.com,barbara90@hotmail.com
c162732258,gregory.webb.aol.com,gregory.webb@aol.com
a194579401,long34.yahoo.com,long34@yahoo.com
b190896529,george.bennett.hotmail.com,george.bennett@hotmail.com
h164911238,joseph96.yahoo.com,joseph96@yahoo.com
e154893400,carole92.hotmail.com,carole92@hotmail.com
h106079211,barbara.post.mail.com.au,barbara.post@mail.com.au
e137293152,wolfe73.gmail.com,wolfe73@gmail.com
f106889904,griggs.dolores.aol.com,griggs.dolores@aol.com
e120519178,thompson.margaret.mail.com.au,thompson.margaret@mail.com.au
a192677864,stephen88.gmail.com,stephen88@gmail.com
h174490332,jones93.mail.com,jones93@mail.com
e106582034,robbins.jaimie.mail.com,robbins.jaimie@mail.com
e106582034,robbins.jaimie.mail.com,robbins.jaimie@mail.com
g197335790,edge.william.hotmail.com,edge.william@hotmail.com
g120988057,ddcitbscbl.mail.com.au,ddcitbscbl@mail.com.au
g121169763,callie.artis.mail.com,callie.artis@mail.com
a182796371,ebert.brendan.mail.com.au,ebert.brendan@mail.com.au
a182796371,ebert.brendan.mail.com.au,ebert.brendan@mail.com.au
c189737131,degges.rachel.mail.com.au,degges.rachel@mail.com.au
a123993542,asnnqhtieq.mail.com,asnnqhtieq@mail.com
i160427472,qjidbmtajt.yahoo.com,qjidbmtajt@yahoo.com
f160898057,thomas71.mail.com.au,thomas71@mail.com.au
a122038193,walling15.gmail.com,walling15@gmail.com
e173270128,parker52.mail.com.au,parker52@mail.com.au
c129664520,pmpkpfjnee.aol.com,pmpkpfjnee@aol.com
g116675179,hodgdon.james.aol.com,hodgdon.james@aol.com
b158329692,goldin.tracy.gmail.com,goldin.tracy@gmail.com
e173641529,matthew.mears.mail.com,matthew.mears@mail.com
g138427299,pritchard.samantha.aol.com,pritchard.samantha@aol.com
i124315287,roever29.mail.com,roever29@mail.com
d174591637,cimino.elizabeth.mail.com,cimino.elizabeth@mail.com
d174591637,cimino.elizabeth.mail.com,cimino.elizabeth@mail.com
e139850085,davis50.mail.com,davis50@mail.com
e199887776,roach.mark.yahoo.com,roach.mark@yahoo.com
e180330085,goins26.gmail.com,goins26@gmail.com
f194437249,stanley.stephens.mail.com.au,stanley.stephens@mail.com.au
g149785731,orrhnmicga.aol.com,orrhnmicga@aol.com
b103601332,tbanjcdona.mail.com.au,tbanjcdona@mail.com.au
b103601332,tbanjcdona.mail.com.au,tbanjcdona@mail.com.au
f108994547,justin24.hotmail.com,justin24@hotmail.com
a111386693,gmdjfmmani.aol.com,gmdjfmmani@aol.com
h152346182,smith7.mail.com.au,smith7@mail.com.au
f152814176,ntlpqprgqh.gmail.com,ntlpqprgqh@gmail.com
g174621971,julia.spinicchia.mail.com,julia.spinicchia@mail.com
b190127991,johnson.thomas.mail.com,johnson.thomas@mail.com
e198287922,nosbhmkiqs.aol.com,nosbhmkiqs@aol.com
f145622143,william.ettefagh.mail.com.au,william.ettefagh@mail.com.au
h135455824,kahn46.mail.com,kahn46@mail.com
e199433963,hoyle84.aol.com,hoyle84@aol.com
f168697692,rsqlisdltj.hotmail.com,rsqlisdltj@hotmail.com
g124807214,betty94.mail.com,betty94@mail.com
i170932821,barbara18.mail.com.au,barbara18@mail.com.au
d194374335,moreno.dejuan.mail.com,moreno.dejuan@mail.com
b158818477,keesha22.aol.com,keesha22@aol.com
f140973345,mark20.gmail.com,mark20@gmail.com
d102882376,ofkkedbkae.yahoo.com,ofkkedbkae@yahoo.com
b129160938,klktrsplej.yahoo.com,klktrsplej@yahoo.com
f143227435,peavy.bryant.hotmail.com,peavy.bryant@hotmail.com
d127468643,brown19.gmail.com,brown19@gmail.com
d164864939,whitley74.mail.com,whitley74@mail.com
f100294593,david.robinson.hotmail.com,david.robinson@hotmail.com
a148116115,glover.michael.yahoo.com,glover.michael@yahoo.com
h166211275,ladetra55.mail.com,ladetra55@mail.com
g126884277,bennett.michal.hotmail.com,bennett.michal@hotmail.com
g153581844,white.john.hotmail.com,white.john@hotmail.com
h101570659,efird.larry.yahoo.com,efird.larry@yahoo.com
i168740053,penland95.aol.com,penland95@aol.com
i140477105,evans.brenda.hotmail.com,evans.brenda@hotmail.com
i140477105,evans.brenda.hotmail.com,evans.brenda@hotmail.com
e177044052,darlene48.aol.com,darlene48@aol.com
f149147057,coe71.gmail.com,coe71@gmail.com
b190398757,little59.hotmail.com,little59@hotmail.com
a141627213,kelly.gilchrist.yahoo.com,kelly.gilchrist@yahoo.com
c179831436,jones.thomas.gmail.com,jones.thomas@gmail.com
h182689300,berzinski1.yahoo.com,berzinski1@yahoo.com
c160051640,jefferson.laura.mail.com.au,jefferson.laura@mail.com.au
e109355706,eldridge.bryan.mail.com,eldridge.bryan@mail.com
a190295525,pmlgomqegs.mail.com,pmlgomqegs@mail.com
h167922888,lckhgqrjsd.gmail.com,lckhgqrjsd@gmail.com
a199314859,phktpbbkng.hotmail.com,phktpbbkng@hotmail.com
d101395261,erskine68.aol.com,erskine68@aol.com
e170797102,ksmbbiaaqk.mail.com,ksmbbiaaqk@mail.com
a134303025,pscfgfmhre.hotmail.com,pscfgfmhre@hotmail.com
i151782532,jerry2.mail.com.au,jerry2@mail.com.au
h114486151,nmnsgmhtpj.yahoo.com,nmnsgmhtpj@yahoo.com
d125574186,alvin52.aol.com,alvin52@aol.com
e107904195,raviraja.franklin.gmail.com,raviraja.franklin@gmail.com
h116209614,singh16.mail.com,singh16@mail.com
f103566175,shawn33.gmail.com,shawn33@gmail.com
f141157969,patel56.hotmail.com,patel56@hotmail.com
h150939331,jgceclglgr.mail.com,jgceclglgr@mail.com
c188355053,beauregard.matthew.aol.com,beauregard.matthew@aol.com
h116853200,machutta39.gmail.com,machutta39@gmail.com
e131363967,ngaoshfist.hotmail.com,ngaoshfist@hotmail.com
g172579574,hlipppcbkh.gmail.com,hlipppcbkh@gmail.com
b178156746,henninger.james.mail.com.au,henninger.james@mail.com.au
g180772803,lawrence.wanken.yahoo.com,lawrence.wanken@yahoo.com
h167401113,daniel.santoianni.hotmail.com,daniel.santoianni@hotmail.com
a127124755,ipsogslong.mail.com.au,ipsogslong@mail.com.au
f153428303,duclos90.mail.com.au,duclos90@mail.com.au
c104732399,patchett.gerrell.yahoo.com,patchett.gerrell@yahoo.com
e187498460,terry57.mail.com,terry57@mail.com
i173215193,charles95.hotmail.com,charles95@hotmail.com
b183035993,william.hebron.yahoo.com,william.hebron@yahoo.com
a178382898,keith76.aol.com,keith76@aol.com
b126532816,raymond.cromer.aol.com,raymond.cromer@aol.com
c150888888,eddie.drake.mail.com.au,eddie.drake@mail.com.au
i127109427,zets95.aol.com,zets95@aol.com
i194909632,gerfdamkmt.aol.com,gerfdamkmt@aol.com
e131168429,david.waddell.mail.com.au,david.waddell@mail.com.au
b168652625,lohr.angela.aol.com,lohr.angela@aol.com
c197523150,phillips82.hotmail.com,phillips82@hotmail.com
a157444286,harris.doyle.mail.com.au,harris.doyle@mail.com.au
b168813411,ldthblbdnr.aol.com,ldthblbdnr@aol.com
b168753047,hbmirntlfk.gmail.com,hbmirntlfk@gmail.com
e188254925,jnjaimbisc.mail.com,jnjaimbisc@mail.com
g143933889,sartor.jonathan.mail.com,sartor.jonathan@mail.com
f138989230,hmmrjsqiqj.gmail.com,hmmrjsqiqj@gmail.com
c194421365,donae80.hotmail.com,donae80@hotmail.com
d162152938,keys.cierra.yahoo.com,keys.cierra@yahoo.com
b127945048,lories.woody.yahoo.com,lories.woody@yahoo.com
b139929762,saya77.mail.com,saya77@mail.com
b139929762,saya77.mail.com,saya77@mail.com
d173516122,saunders36.gmail.com,saunders36@gmail.com
c147781267,michael.gilmore.aol.com,michael.gilmore@aol.com
e134138555,sue.tessnair.aol.com,sue.tessnair@aol.com
e192447857,thomas.dickerman.gmail.com,thomas.dickerman@gmail.com
f149688921,tran79.mail.com.au,tran79@mail.com.au
h148241362,handy.patricia.hotmail.com,handy.patricia@hotmail.com
c193217421,french45.mail.com.au,french45@mail.com.au
d190001057,warner22.mail.com,warner22@mail.com
g151728473,peck27.mail.com,peck27@mail.com
d108097633,michael73.mail.com,michael73@mail.com
h196362414,eshctmjssa.gmail.com,eshctmjssa@gmail.com
c141692102,alexander30.hotmail.com,alexander30@hotmail.com
f177963787,esedenomfh.mail.com.au,esedenomfh@mail.com.au
b150155813,chieko17.yahoo.com,chieko17@yahoo.com
e127497909,brantley46.mail.com,brantley46@mail.com
c156533243,andmffieae.gmail.com,andmffieae@gmail.com
d122213491,christopher29.gmail.com,christopher29@gmail.com
e127256033,douglas98.mail.com,douglas98@mail.com
h156145598,brookshire91.aol.com,brookshire91@aol.com
f150431158,howell49.mail.com,howell49@mail.com
b185604267,matthew.davidson.mail.com,matthew.davidson@mail.com
h100922107,tjqgbbnfcc.mail.com,tjqgbbnfcc@mail.com
b193475281,qkiorbflea.gmail.com,qkiorbflea@gmail.com
f106472992,linker69.mail.com,linker69@mail.com
i148184777,timothy.eriza.mail.com,timothy.eriza@mail.com
h183274823,lacey61.mail.com.au,lacey61@mail.com.au
a161129218,tevonshe91.mail.com,tevonshe91@mail.com
h184273258,mfmkdcrijq.gmail.com,mfmkdcrijq@gmail.com
h184273258,mfmkdcrijq.gmail.com,mfmkdcrijq@gmail.com
i151434975,pjscjqoink.aol.com,pjscjqoink@aol.com
g189842576,irwin1.yahoo.com,irwin1@yahoo.com
f116927571,kirby8.mail.com.au,kirby8@mail.com.au
i182418934,brown.donald.hotmail.com,brown.donald@hotmail.com
g156326573,john.bernet.mail.com.au,john.bernet@mail.com.au
g162691609,khosrowfar.kelley.mail.com.au,khosrowfar.kelley@mail.com.au
b132484111,john37.yahoo.com,john37@yahoo.com
e170726063,mary39.mail.com,mary39@mail.com
h112174590,kelvin.koonce.mail.com.au,kelvin.koonce@mail.com.au
a127014228,nolen31.mail.com,nolen31@mail.com
d141399253,mecmolabdt.aol.com,mecmolabdt@aol.com
h196842253,manry19.yahoo.com,manry19@yahoo.com
e125351664,sharifah34.aol.com,sharifah34@aol.com
d122515519,merritt81.mail.com,merritt81@mail.com
h107837294,reel31.yahoo.com,reel31@yahoo.com
h149858186,rook69.aol.com,rook69@aol.com
h164269881,suttle36.mail.com,suttle36@mail.com
d150899296,malloy.russell.yahoo.com,malloy.russell@yahoo.com
c131996972,marie37.yahoo.com,marie37@yahoo.com
c131996972,marie37.yahoo.com,marie37@yahoo.com
g129050280,kothnsemtk.yahoo.com,kothnsemtk@yahoo.com
i152640278,offield19.hotmail.com,offield19@hotmail.com
e120281025,keith.pashayan.yahoo.com,keith.pashayan@yahoo.com
e154036529,maness.heather.mail.com,maness.heather@mail.com
i128183786,crifase.steve.mail.com.au,crifase.steve@mail.com.au
c105310083,pknobdtjkg.aol.com,pknobdtjkg@aol.com
h102816362,george93.mail.com,george93@mail.com
i116255997,paul91.mail.com,paul91@mail.com
g112164164,tcaftmeiik.hotmail.com,tcaftmeiik@hotmail.com
e142023948,evans.neil.mail.com.au,evans.neil@mail.com.au
a196051112,julie81.aol.com,julie81@aol.com
d132976297,weaver70.mail.com.au,weaver70@mail.com.au
b164814597,dietrich.justin.aol.com,dietrich.justin@aol.com
g144805373,carl.mcgrath.mail.com,carl.mcgrath@mail.com
c170654794,moore.inez.yahoo.com,moore.inez@yahoo.com
e182021398,cherie95.mail.com,cherie95@mail.com
a100270562,gramby37.mail.com,gramby37@mail.com
i118277667,davis78.mail.com.au,davis78@mail.com.au
i159830301,charlotte12.mail.com,charlotte12@mail.com
d149749074,ddjgbsccmo.hotmail.com,ddjgbsccmo@hotmail.com
g182454810,bowen16.mail.com,bowen16@mail.com
a114219533,pkiojjpcsq.yahoo.com,pkiojjpcsq@yahoo.com
c175215414,mary96.hotmail.com,mary96@hotmail.com
d114360580,jones74.aol.com,jones74@aol.com
a117774948,daegmdaake.yahoo.com,daegmdaake@yahoo.com
b179617189,fine.james.hotmail.com,fine.james@hotmail.com
c100498113,victoria.leggat.gmail.com,victoria.leggat@gmail.com
b167635143,hardy.keith.gmail.com,hardy.keith@gmail.com
f122018946,gregory.billings.mail.com.au,gregory.billings@mail.com.au
h176530564,stone.brent.hotmail.com,stone.brent@hotmail.com
b198474433,kristina70.gmail.com,kristina70@gmail.com
c151454515,hall55.hotmail.com,hall55@hotmail.com
c143980783,sandra.jackson.gmail.com,sandra.jackson@gmail.com
g179437087,erik.ballard.mail.com.au,erik.ballard@mail.com.au
f159389290,arapsapnrk.mail.com,arapsapnrk@mail.com
b102776818,oanisrdboe.gmail.com,oanisrdboe@gmail.com
g183493909,oliver42.mail.com,oliver42@mail.com
e173184513,mccaffrey.brandon.yahoo.com,mccaffrey.brandon@yahoo.com
g152622271,apgsfgtojg.mail.com,apgsfgtojg@mail.com
g118893950,carrbbfjop.hotmail.com,carrbbfjop@hotmail.com
e144289338,barnett28.yahoo.com,barnett28@yahoo.com
i102797927,jimmy66.mail.com,jimmy66@mail.com
d109886019,eric84.aol.com,eric84@aol.com
a131216397,shawn.lavery.yahoo.com,shawn.lavery@yahoo.com
c143640037,hooper.elizabeth.gmail.com,hooper.elizabeth@gmail.com
i193695100,christopher9.mail.com,christopher9@mail.com
e188925740,thompson25.gmail.com,thompson25@gmail.com
e147457965,prueitt.marques.mail.com.au,prueitt.marques@mail.com.au
e147457965,prueitt.marques.mail.com.au,prueitt.marques@mail.com.au
e179105440,jeremy72.mail.com.au,jeremy72@mail.com.au
h124486675,prfqhsnqnm.mail.com,prfqhsnqnm@mail.com
d130371243,janet76.hotmail.com,janet76@hotmail.com
i194845517,tabitha.laney.mail.com,tabitha.laney@mail.com
f177159373,dkfsfdomsp.mail.com.au,dkfsfdomsp@mail.com.au
d173722235,bajrdflmtl.gmail.com,bajrdflmtl@gmail.com
e172031067,derian.gregory.aol.com,derian.gregory@aol.com
c189690938,james8.aol.com,james8@aol.com
g119448111,furches58.mail.com,furches58@mail.com
f187854980,sbjmbicrbt.yahoo.com,sbjmbicrbt@yahoo.com
e152762411,daniel20.hotmail.com,daniel20@hotmail.com
i172786427,qoetltoitr.mail.com,qoetltoitr@mail.com
h157650061,trude.barbara.gmail.com,trude.barbara@gmail.com
d160524976,charles15.hotmail.com,charles15@hotmail.com
i161631331,domangue35.gmail.com,domangue35@gmail.com
h131864455,sowells.benjamin.gmail.com,sowells.benjamin@gmail.com
h145613742,woogen.jesus.yahoo.com,woogen.jesus@yahoo.com
d121273523,john.parrino.aol.com,john.parrino@aol.com
h106653080,casady.kenneth.mail.com,casady.kenneth@mail.com
c159889179,saleeby99.aol.com,saleeby99@aol.com
a121937517,john2.aol.com,john2@aol.com
a121937517,john2.aol.com,john2@aol.com
b189695332,cathy.rogers.gmail.com,cathy.rogers@gmail.com
a139626663,michael.ferguson.mail.com.au,michael.ferguson@mail.com.au
a139626663,michael.ferguson.mail.com.au,michael.ferguson@mail.com.au
g133917155,dry78.yahoo.com,dry78@yahoo.com
g133917155,dry78.yahoo.com,dry78@yahoo.com
a128602830,stefan4.aol.com,stefan4@aol.com
i166918509,patricia.parrish.mail.com,patricia.parrish@mail.com
a144941198,charles3.gmail.com,charles3@gmail.com
b155572328,tdtnjerfdk.mail.com.au,tdtnjerfdk@mail.com.au
b130703847,barbara.hester.gmail.com,barbara.hester@gmail.com
g128426013,cynthia.temple.hotmail.com,cynthia.temple@hotmail.com
d186307562,rasberry.joe.hotmail.com,rasberry.joe@hotmail.com
h147287354,anto89.mail.com,anto89@mail.com
g160338498,tpmsnaires.mail.com,tpmsnaires@mail.com
g160338498,tpmsnaires.mail.com,tpmsnaires@mail.com
a138677361,romano.john.yahoo.com,romano.john@yahoo.com
a185746431,cooper11.yahoo.com,cooper11@yahoo.com
f127577313,williams.anthony.hotmail.com,williams.anthony@hotmail.com
b148009390,harold90.mail.com,harold90@mail.com
h142225634,mcleod98.aol.com,mcleod98@aol.com
c134547843,eojlkhrodh.hotmail.com,eojlkhrodh@hotmail.com
e162748968,william65.aol.com,william65@aol.com
f111852074,larry20.hotmail.com,larry20@hotmail.com
f111852074,larry20.hotmail.com,larry20@hotmail.com
c127289122,butler.james.hotmail.com,butler.james@hotmail.com
g180319807,donn.bates.hotmail.com,donn.bates@hotmail.com
e185857657,jawaine22.mail.com.au,jawaine22@mail.com.au
h140001554,cotten.susan.mail.com,cotten.susan@mail.com
c121735638,joyner.ronald.aol.com,joyner.ronald@aol.com
a159238257,ettbsiasls.yahoo.com,ettbsiasls@yahoo.com
h122569682,deberry.daulfus.hotmail.com,deberry.daulfus@hotmail.com
i138624389,rando16.aol.com,rando16@aol.com
b150146862,hdrdboirad.hotmail.com,hdrdboirad@hotmail.com
a161736932,kenneth18.yahoo.com,kenneth18@yahoo.com
b145012379,pkgtmcpgjt.hotmail.com,pkgtmcpgjt@hotmail.com
d166709974,dmtoqafrqp.yahoo.com,dmtoqafrqp@yahoo.com
i185940382,grimes55.aol.com,grimes55@aol.com
i185940382,grimes55.aol.com,grimes55@aol.com
a183414064,falls79.mail.com,falls79@mail.com
i108650137,wright87.aol.com,wright87@aol.com
c181344859,stoddard.rondric.gmail.com,stoddard.rondric@gmail.com
f120815898,jane.barden.yahoo.com,jane.barden@yahoo.com
c159866642,joseph.albrecht.aol.com,joseph.albrecht@aol.com
d145340044,miguel.wilmore.mail.com.au,miguel.wilmore@mail.com.au
f198025723,hksgmolcia.gmail.com,hksgmolcia@gmail.com
f115743428,ky26.mail.com.au,ky26@mail.com.au
h160322220,daugherty.john.aol.com,daugherty.john@aol.com
g188511843,leslie.rabayev.gmail.com,leslie.rabayev@gmail.com
h198802652,heanrjgnhq.aol.com,heanrjgnhq@aol.com
b101328293,caldwell40.gmail.com,caldwell40@gmail.com
d125487816,nbshgrrohh.yahoo.com,nbshgrrohh@yahoo.com
a160833254,holz6.gmail.com,holz6@gmail.com
d136740162,benton81.aol.com,benton81@aol.com
c121138968,maria58.hotmail.com,maria58@hotmail.com
a162807119,christopher.jewell.gmail.com,christopher.jewell@gmail.com
a148026509,patrick.lam.gmail.com,patrick.lam@gmail.com
d163638352,beth45.mail.com.au,beth45@mail.com.au
a119376036,nikita35.mail.com.au,nikita35@mail.com.au
b135466412,jarrod70.mail.com.au,jarrod70@mail.com.au
i145172723,brian57.yahoo.com,brian57@yahoo.com
i111864082,frcjissjba.aol.com,frcjissjba@aol.com
h163980205,leldtinhsf.gmail.com,leldtinhsf@gmail.com
h109475554,anthony48.mail.com.au,anthony48@mail.com.au
h143817526,lossman91.yahoo.com,lossman91@yahoo.com
a191118209,omejifbrfb.gmail.com,omejifbrfb@gmail.com
h192983805,ogles.robert.mail.com,ogles.robert@mail.com
f149579489,sanchez93.gmail.com,sanchez93@gmail.com
g197592693,msacdkgpjg.mail.com.au,msacdkgpjg@mail.com.au
a110763179,lester76.mail.com.au,lester76@mail.com.au
i145548824,quay.william.mail.com.au,quay.william@mail.com.au
e117647955,gregory.dorothy.mail.com,gregory.dorothy@mail.com
e129217689,arlene.wynne.mail.com.au,arlene.wynne@mail.com.au
h165923863,hcfddolooa.gmail.com,hcfddolooa@gmail.com
f166943314,giro.arthur.hotmail.com,giro.arthur@hotmail.com
f108546930,sellars23.aol.com,sellars23@aol.com
f108546930,sellars23.aol.com,sellars23@aol.com
e149762855,claudia96.mail.com,claudia96@mail.com
g192731313,nbaqlrfire.aol.com,nbaqlrfire@aol.com
h140730595,smith88.yahoo.com,smith88@yahoo.com
a117783200,robert36.aol.com,robert36@aol.com
e136060611,sjtnbehjfm.mail.com,sjtnbehjfm@mail.com
h128813778,reeves.nicole.mail.com,reeves.nicole@mail.com
f120534355,rjmqltthlp.hotmail.com,rjmqltthlp@hotmail.com
i105500560,wilk17.aol.com,wilk17@aol.com
i167205615,edwin54.mail.com,edwin54@mail.com
d142889122,wall.christian.aol.com,wall.christian@aol.com
g187721686,gbgsoifimi.gmail.com,gbgsoifimi@gmail.com
c150546849,gnpcmtabot.mail.com,gnpcmtabot@mail.com
h195911634,ashley11.mail.com,ashley11@mail.com
g132868103,christine.mathers.mail.com.au,christine.mathers@mail.com.au
e184456876,william46.mail.com,william46@mail.com
h133469850,pjdnrpsbgj.aol.com,pjdnrpsbgj@aol.com
e163875524,lashari.hauser.yahoo.com,lashari.hauser@yahoo.com
h155298957,jhhtgdgtna.gmail.com,jhhtgdgtna@gmail.com
c106756078,megihstgbn.hotmail.com,megihstgbn@hotmail.com
e156786745,lqiddmikhs.gmail.com,lqiddmikhs@gmail.com
b122484612,panyanouvong.timothy.aol.com,panyanouvong.timothy@aol.com
h140109982,james58.yahoo.com,james58@yahoo.com
g194277648,john.hewett.yahoo.com,john.hewett@yahoo.com
d144102792,norman.speight.gmail.com,norman.speight@gmail.com
b119014025,little.linda.mail.com,little.linda@mail.com
i101114063,martin.henry.mail.com.au,martin.henry@mail.com.au
a140681814,pearson.nicholas.hotmail.com,pearson.nicholas@hotmail.com
e110711575,lqomtbtnam.gmail.com,lqomtbtnam@gmail.com
c162538174,reeves81.aol.com,reeves81@aol.com
c156622601,coggins.rhonda.aol.com,coggins.rhonda@aol.com
d103022424,tommy.harris.gmail.com,tommy.harris@gmail.com
b185375808,dibona.kenneth.gmail.com,dibona.kenneth@gmail.com
a171488601,oirnhrrhee.yahoo.com,oirnhrrhee@yahoo.com
g154695986,david.bennett.gmail.com,david.bennett@gmail.com
e161628157,kenneth9.yahoo.com,kenneth9@yahoo.com
a158810868,nancy55.aol.com,nancy55@aol.com
f186988574,jake.shepard.mail.com,jake.shepard@mail.com
h138388286,mandava73.hotmail.com,mandava73@hotmail.com
b129961163,qcrkkaghdd.aol.com,qcrkkaghdd@aol.com
a165403153,chale.dale.gmail.com,chale.dale@gmail.com
a165403153,chale.dale.gmail.com,chale.dale@gmail.com
f135391778,elizabeth.mceathron.mail.com.au,elizabeth.mceathron@mail.com.au
e148350591,vianca.smith.yahoo.com,vianca.smith@yahoo.com
d199499884,lisa10.mail.com.au,lisa10@mail.com.au
f149403792,amanda81.yahoo.com,amanda81@yahoo.com
d177485687,harold6.gmail.com,harold6@gmail.com
d110231972,jaeocfiqqc.hotmail.com,jaeocfiqqc@hotmail.com
a125951147,george65.mail.com,george65@mail.com
f125317141,anpfjofhgo.yahoo.com,anpfjofhgo@yahoo.com
a199122030,kmddkrgkdd.yahoo.com,kmddkrgkdd@yahoo.com
g197264017,robinson.john.aol.com,robinson.john@aol.com
e157434847,eric.cecil.gmail.com,eric.cecil@gmail.com
e157434847,eric.cecil.gmail.com,eric.cecil@gmail.com
i184931125,williams.frances.mail.com,williams.frances@mail.com
g159029601,pblqrcgkqa.gmail.com,pblqrcgkqa@gmail.com
c151507657,sherilda.harrell.yahoo.com,sherilda.harrell@yahoo.com
d113582588,chadwick.david.mail.com,chadwick.david@mail.com
h104693157,stewart35.aol.com,stewart35@aol.com
e180507121,isabel62.mail.com,isabel62@mail.com
e124236068,morton82.hotmail.com,morton82@hotmail.com
b160774219,gray.clarence.hotmail.com,gray.clarence@hotmail.com
e135822849,allen.fincher.gmail.com,allen.fincher@gmail.com
h160779592,morrow.allynn.aol.com,morrow.allynn@aol.com
c159058787,moody.james.gmail.com,moody.james@gmail.com
a152198442,spence93.aol.com,spence93@aol.com
c161724383,showalter.jay.mail.com,showalter.jay@mail.com
b132653695,barbara.robinson.gmail.com,barbara.robinson@gmail.com
g182042444,givens.laryssa.aol.com,givens.laryssa@aol.com
c132748685,cynthia.jinkins.gmail.com,cynthia.jinkins@gmail.com
f141120681,wesley59.mail.com,wesley59@mail.com
h176691669,horton36.mail.com,horton36@mail.com
e151003611,john.faircloth.mail.com.au,john.faircloth@mail.com.au
h131700505,lunsford67.mail.com.au,lunsford67@mail.com.au
f143373531,thompson90.yahoo.com,thompson90@yahoo.com
e155951170,august100.mail.com.au,august100@mail.com.au
a184970069,snipes97.yahoo.com,snipes97@yahoo.com
d136644076,robbian91.aol.com,robbian91@aol.com
